id,rank,priority,title,year,epmc_publication_date,publisher_online_date,authors,authors_complete,venue,doi,publication_type,publication_status,scope,categories,innovation,methods,evidence,limitations,relevance,verification,ranking_reason,source_urls,notes
UFWI-013,1,P0,2-D Slicewise Waveform Inversion of Sound Speed and Acoustic Attenuation for Ring Array Ultrasound Tomography Based on a Block LU Solver,2024,,,Rehman Ali; Trevor M Mitcham; Thurston Brevett; Òscar Calderón Agudo; Cristina Durán Martinez; Cuiping Li; Marvin M Doyley; Nebojsa Duric,True,IEEE Transactions on Medical Imaging,10.1109/tmi.2024.3383816,journal,published,medical_fwi,旧库深读; 医学FWI; 乳腺; 频域FWI; 多参数; 开源软件; 在体,给出透明可复现的环阵声速/衰减频域反演实现，并用临床乳腺示例验证。,GPU block-LU Helmholtz求解；源复幅度/相位校准；第一轮仅声速，第二轮交替声速/衰减更新；频率递增。,simulation + physical phantom + human in vivo；公开代码/样例数据；包含乳腺囊肿与恶性病灶。,二维面外效应使衰减偏差明显；源幅值与介质衰减非唯一，因此绝对衰减不能保证；block-LU三维内存扩展困难。,最适合作为实测FWI和复现baseline的高优先级论文。,primary_fulltext,最适合先建立可复现环阵频域FWI基线：公式、代码、声速/衰减及人体案例俱全，也坦陈二维和绝对衰减局限。,https://doi.org/10.1109/TMI.2024.3383816; https://doi.org/10.1109/tmi.2024.3383816; https://pmc.ncbi.nlm.nih.gov/articles/PMC11294001/; https://github.com/rehmanali1994/WaveformInversionUST; https://pubmed.ncbi.nlm.nih.gov/38564345/,检索核验日期2026-09-26。2024-08卷43(8):2988–3000；已读讨论及作者代码说明；不是实时三维方法。
UFWI-035,2,P0,Spatial response identification enables robust experimental ultrasound computed tomography,2022,2021-12-31,,Carlos Cueto; Lluis Guasch; Javier Cudeiro; Oscar Calderon Agudo; Thomas Robins; Oscar Bates; George Strong; Meng-Xing Tang; Meng-Xing Tang,True,"IEEE Transactions on Ultrasonics, Ferroelectrics, and Frequency Control (TUFFC)",10.1109/tuffc.2021.3104342,journal,published,medical_fwi,三维加速专题; B/D；成像主要为 2D/2.5D; 传感器校准; 实测体模; 联合估计,扩展SRI，把位置、朝向与脉冲响应的影响一并吸收到有效换能器模型。,用代理换能器模型拟合水中校准波场，使其有效响应匹配实测。,环阵校准实验和组织仿体FWI；优于常规校准所得重建。,有效响应不等于唯一真实几何；需保持校准和成像环境一致。,与旋转平移和阵元几何误差研究直接相关。,primary_abstract,实验失配常来自换能器；SRI直接改变有效前向模型，对实验声源校准比单纯换loss更基础。,https://doi.org/10.1109/TUFFC.2021.3104342; https://arxiv.org/abs/2103.10722; https://doi.org/10.1109/tuffc.2021.3104342; https://spiral.imperial.ac.uk/entities/publication/970e3f41-4fc3-421c-b124-7803507cdf32; https://pubmed.ncbi.nlm.nih.gov/34383648/,检索核验日期2026-09-26。2021预印本/online；2022卷69(1):27–37。正式版完整作者据EuropePMC作者索引补全（去掉索引重复Tang条目）；arXiv早版作者少一人。
UFWI-025,3,P0,High resolution 3D ultrasonic breast imaging by time-domain full waveform inversion,2022,,,Felix Lucka; Mailyn Pérez-Liva; Bradley E Treeby; Ben T Cox,True,Inverse Problems,10.1088/1361-6420/ac3b64,journal,published,medical_fwi,三维加速专题; A; 三维; 随机源编码; 内存优化; 乳腺,整合时间反演梯度、随机源编码和多尺度策略，使高分辨率三维乳腺FWI在适度GPU资源上可计算。,time reversal梯度；延迟源编码；随机优化/迭代平均；粗细网格。,逼真数值乳腺模型与多计算平台验证，论文目标预算为一天。,全部为数值proof-of-concept；不可称实测乳腺或临床系统；速度依赖资源/网格。,三维时域FWI工程实现与源编码应优先阅读的主文。,primary_fulltext,真三维时域FWI计算路线的系统参考：源编码、梯度存储与多尺度；虽仅仿真，方法价值很高。,https://doi.org/10.1088/1361-6420/ac3b64; https://discovery.ucl.ac.uk/id/eprint/10139532/; https://arxiv.org/abs/2102.00755; https://ir.cwi.nl/pub/31413/31413.pdf,检索核验日期2026-09-26。预印本2021-02-01；在线发表于2021，正式卷38(2022)025008；本库用卷期2022。
UFWI-104,4,P0,Optimal transport assisted full waveform inversion for multiparameter imaging of soft tissues in ultrasound computed tomography,2025,2024-11-08,,Xiaoqing Wu; Yubing Li; Chang Su; Panpan Li; Weijun Lin,True,Ultrasonics,10.1016/j.ultras.2024.107505,journal,published,medical_fwi,最优传输; 多参数; 肌骨,graph-space OT缓解皮肤超临界反射造成的局部极小，重建声速与阻抗。,分层时域FWI；低中频透射声速；高频全波场声速/阻抗联合反演。,数值与离体软组织实验；二维切片堆叠显示三维结构。,切片堆叠不是完整三维波动反演；未证明临床诊断准确性。,李玉冰主线最值得先读的实验型方法论文，衔接地震OT和超声多参数。,primary_abstract,重点作者线与Ultrasonics直接交汇：OT、强反射和声速/阻抗多参数；有离体实验。,https://doi.org/10.1016/j.ultras.2024.107505; https://pubmed.ncbi.nlm.nih.gov/39615188/; https://www.ebi.ac.uk/europepmc/webservices/rest/search?query=EXT_ID:39615188&format=json&resultType=core; https://www.sciencedirect.com/science/article/pii/S0041624X24002683,核验作者原始摘要（出版社页面或PubMed/EuropePMC原文摘要）；非全文精读。最早公开日 2024-11-08；正式卷期 2025 Mar。
UFWI-097,5,P0,Frequency-differencing strategy to kickstart full-waveform inversion without cycle skipping,2025,2025-01-01,,Rehman Ali; Trevor Mitcham; Israel Owolabi; Sarah McConnell; Nebojsa Duric,True,JASA Express Letters,10.1121/10.0034763,journal,published,medical_fwi,低频缺失; 抗周跳; FDWI,利用高频之间的差频内容构建低频起始信息，为常规FWI提供可用初模。,借用frequency-difference beamforming的频率组合，再逐频常规FWI。,仿真与实验；文中仿真SSIM提高0.28、PSNR提高8.6dB，仅对应其条件。,差频不是测得真实低频；其近似、频谱噪声和多路径有效性须验证。,与频域AWI/低频缺失问题直接相关，应优先于只读2024会议版。,primary_abstract,直接应对缺低频，且已从会议发展为有实验的正式期刊文；与频域AWI研究直接相关。,https://pmc.ncbi.nlm.nih.gov/articles/PMC11734264/; https://doi.org/10.1121/10.0034763,2024 SPIE DOI10.1117/12.3006287为相关会议前作，独立书目保留并建关系；不把两者视为两项独立创新证据。
UFWI-040,6,P0,Quantitative in-vivo full-waveform ultrasound tomography workflow integrating reflection imaging and resolution analysis,2026,2026-07-10,,I E Ulrich; C Boehm; P Marty; S Noe; N Korta Martiartu; X L Dean-Ben; D Razansky; A Fichtner,True,Physics in Medicine & Biology,10.1088/1361-6560/ae7cd6,journal,published,medical_fwi,三维加速专题; C; 动物在体; 最优传输; 源校准; 分辨率分析,将有效源估计、graph-space OT及局部分辨率分析组织为在体FWI工作流。,水中校准数据反演source-time function；graph-space optimal transport误差；源编码；扰动PSF分析；用FWI声速背景改善RTM反射图。,in vivo mouse横断面超声数据；方法与结论段明确水浴小鼠；解析软组织和骨结构，给局部分辨率代理。,动物在体而非人类临床；声学近似下高对比骨的物理失配仍在；局部点扰动PSF不是所有病变的绝对可分辨率。,对AWI研究很有价值的实测替代目标函数与分辨率评估参照。,primary_fulltext,2026新工作把源估计、GSOT、反射像与分辨率评价组成在体流程；动物证据明确，便于设计完整验证链。,https://doi.org/10.1088/1361-6560/ae7cd6; https://pubmed.ncbi.nlm.nih.gov/42285131/; https://eaps.ethz.ch/en/people/profile.andreas-fichtner.html,检索核验日期2026-09-26。出版社Published2026-07-10，卷71:135039。已读出版社Theory/Conclusions段，核实mouse。ETH作者页提供完整作者名。
UFWI-124,7,P0,Full-waveform inversion imaging of the human brain,2020,2020-03-06,,Lluís Guasch; Oscar Calderón Agudo; Meng-Xing Tang; Meng-Xing Tang; Parashkev Nachev; Michael Warner,True,npj Digital Medicine,10.1038/s41746-020-0240-8,journal,published,medical_fwi,脑成像; AWI; 三维; 奠基,把AWI初始化与低频三维FWI连起来，展示完整头颅的高分辨率定量成像潜力。,三维变密度声学有限差分；水模型经AWI得到初模，再多频带FWI。,三维脑及出血图像来自数值仿真；另有真人与离体颅骨透射信号实验验证穿透/SNR。,没有完成活体三维脑FWI图像；弹性、吸收、校准和规模成本仍需处理；原Fullwave3D为商业代码。,AWI在医学超声中最重要的动机论文之一，必须按证据层级阅读。,primary_fulltext,Imperial超声FWI跨领域里程碑，值得读其数值验证和颅骨建模条件，避免把题名误解为临床已实现。,https://www.nature.com/articles/s41746-020-0240-8; https://pmc.ncbi.nlm.nih.gov/articles/PMC7060331/,检索核验日期2026-09-26。正式2020-03-06；已读方法、实验、代码可用性段落。
UFWI-007,8,P0,Localized adaptive waveform inversion: theory and numerical verification,2023,,,Peng Yong; Romain Brossier; Ludovic Métivier; Jean Virieux,True,Geophysical Journal International,10.1093/gji/ggac496,journal,published,geophysical_method,旧库深读; 目标函数与抗跳周期; AWI; 局部匹配; 抗周跳,用局部时频反卷积处理不同事件不同时间偏移，针对全道AWI的非平稳失配。,Gabor变换、局部匹配滤波、局部时间偏移；与四类相关/反卷积失配比较。,信号分析和二维合成基准。,Gabor窗及正则尺度需选择；二维地震结果不能替代超声实测。,AWI机理研究必读；尤其多到时和强骨散射，不能把全局Wiener滤波的性质无条件推广。,primary_abstract,AWI研究最关键的方法补课之一：多到时非平稳性为何使全局滤波失效，以及局部化如何补救。,https://doi.org/10.1093/gji/ggac496; https://academic.oup.com/gji/article/233/2/1055/6909065; https://api.crossref.org/works/10.1093/gji/ggac496,在线2022-12-15，正式卷期2023；year采用卷期年。
UFWI-008,9,P0,Localized adaptive waveform inversion: regularizations for Gabor deconvolution and 3-D field data application,2023,,,Peng Yong; Romain Brossier; Ludovic Métivier; Jean Virieux,True,Geophysical Journal International,10.1093/gji/ggad225,journal,published,geophysical_method,旧库深读; 目标函数与抗跳周期; AWI; 局部匹配; 三维; 正则化; 实测验证,比较零型与delta型滤波器先验，并把LAWI用于三维北海实测。,Gabor反卷积加正则，delta型先验约束匹配滤波器；对照AWI及GSOT。,二维合成与三维海底电缆数据，结合井曲线及数据拟合评价。,正则化/局部化改变滤波器；主要声速与早至数据验证，不等价于密度已可忽略。,直接帮助解释AWI正则项是滤波先验以及多到时失效条件。,primary_abstract,接续理论篇看滤波器先验与三维实测；正则项如何影响稳定性和分辨率与AWI研究直接相关。,https://doi.org/10.1093/gji/ggad225; https://academic.oup.com/gji/article/235/1/448/7185820,本轮核验；创新为文献贡献概括，迁移价值/局限含本库评估，不是全球首创证明。
UFWI-037,10,P0,Ultrasound computed tomography based on full waveform inversion with source directivity calibration,2023,2023-04-12,,Xiaoqing Wu; Yubing Li; Chang Su; Panpan Li; Xiangda Wang; Weijun Lin,True,Ultrasonics,10.1016/j.ultras.2023.107004,journal,published,medical_fwi,三维加速专题; D/C；2D simulation 与 experiment; 源校准; 时域; 实验,用无目标水槽FMC自检换能器方向性，再以加权虚拟点阵表示源。,解析传播求权重；局部梯度优化；时域有限差分FWI。,数值偶极/四极源及512元环阵实测表明校准减少点源失配伪影。,主要为发射方向性校准，不能据此认为位置/接收/三维响应均已解决。,李玉冰主线实验落地必读，源误差可能比新目标函数更先限制重建。,primary_abstract,水槽校准与虚拟点源权重有明确实现路径和环阵实测，是声源方向性建模的实用对照。,https://doi.org/10.1016/j.ultras.2023.107004; https://pubmed.ncbi.nlm.nih.gov/37071945/; https://www.ebi.ac.uk/europepmc/webservices/rest/search?query=EXT_ID:37071945&format=json&resultType=core,核验作者原始摘要（出版社页面或PubMed/EuropePMC原文摘要）；非全文精读。最早公开日 2023-04-12；正式卷期 2023 Jul。
UFWI-029,11,P0,Hybrid three-dimensional full-view multi-wavelength photoacoustic and ultrasound breast tomography,2026,2026-06-13,,M Dantuma; F Lucka; S C Kruitwagen; L Alink; R P Pompe van Meerdervoort; M Nanninga; T J P M Op 't Root; B De Santi; E Bosman; J Budisky; G Bordovsky; E Coffy; M Wilm; T Kasponas; S H Aarnink; L F de Geus-Oei; F Brochin; T Martinez; A Michailovas; W Muller Kobold; J Jaros; J Veltman; B Cox; S Manohar,True,Photoacoustics,10.1016/j.pacs.2026.100847,journal,published,medical_fwi,三维加速专题; A; 三维; 乳腺; 在体; 光声融合; 实测系统,PAM3将完整三维FWI声速成像与多波长全视角光声系统结合，用声速图校正光声非均匀传播。,半球512阵元系统；三维时域FWI、TV/边界约束、随机源编码；校正后的迭代PAT。,体模和健康志愿者in vivo；摘要明确fully 3D FWI在体声速图，另报告光声血管深度48mm。,成像可行性与病变诊断准确率不同；48mm为PAT血管结果，不能移作FWI分辨率。,2026新增中最值得优先看的三维实测转化节点。,primary_fulltext,真正三维波动反演结合健康志愿者乳腺数据，是近期验证层级较强的系统进展；区分PAT与FWI指标。,https://doi.org/10.1016/j.pacs.2026.100847; https://pmc.ncbi.nlm.nih.gov/articles/PMC13311291/; https://research.utwente.nl/en/publications/hybrid-three-dimensional-full-view-multi-wavelength-photoacoustic/; https://pubmed.ncbi.nlm.nih.gov/42376497/,检索核验日期2026-09-26。online2026-06-13，卷50(2026-08):100847。“首次”为作者主张，未作全球优先权审定。
UFWI-069,12,P0,Frequency-domain full-waveform inversion-based musculoskeletal ultrasound computed tomography,2023,2023-07-01,,Chenchen Zhou; Kailiang Xu; Dean Ta,True,The Journal of the Acoustical Society of America,10.1121/10.0020151,journal,published,medical_fwi,肌骨; 水参考; 频域; 源校准,为含骨高对比度FDFWI提出水参考标定与起始频率准则。,水参考数据校准；离散频率FWI；初始模型和频率选择。,腿部及肌骨病变模型的数值验证。,主要数值证据；频域更快取决于算法/硬件/频率数量，非普遍结论。,进入肌骨频域FWI的实用起点，可与2026Rytov混合方法比较。,primary_abstract,李玉冰团队肌骨频域FWI代表路线，与含骨环阵反演问题直接相关。,https://doi.org/10.1121/10.0020151; https://pubmed.ncbi.nlm.nih.gov/37449785/; https://www.ebi.ac.uk/europepmc/webservices/rest/search?query=EXT_ID:37449785&format=json&resultType=core,核验作者原始摘要（出版社页面或PubMed/EuropePMC原文摘要）；非全文精读。最早公开日 2023-07-01；正式卷期 2023 Jul。
UFWI-152,13,P0,Quantitative Sound Speed Imaging of Cortical Bone and Soft Tissue: Results From Observational Data Sets,2022,2022-03-02,,Jonathan Fincke; Xiang Zhang; Bonghun Shin; Gregory Ely; Brian W Anthony,True,IEEE Transactions on Medical Imaging,10.1109/tmi.2021.3115790,journal,published,medical_fwi,骨; level-set; 走时; 离体实验,结合level-set和走时约束，改善骨/软组织联合声速重建及未知剪切波造成的误差。,FWI；LS正则；travel-time方法；独立bulk SoS和MRI横切面对照。,离体肢体中骨整体声速误差约≤10%、软组织≤1%，显示骨与软组织结构。,离体结果不是人体在体；声学模型未显式恢复全部剪切物理。,重要漏项，应列骨FWI实验优先读，和2026Rytov/2025骨实验形成路线。,primary_abstract,骨与软组织离体实测，并结合level-set和走时正则；对含骨环阵的物理失配和独立验证比只看仿真更有参照意义。,https://doi.org/10.1109/tmi.2021.3115790; https://pubmed.ncbi.nlm.nih.gov/34570702/; https://www.ebi.ac.uk/europepmc/webservices/rest/search?query=EXT_ID:34570702&format=json&resultType=core,仅核验EuropePMC缓存中完整作者摘要和书目；未全文精读。最早公开2022-03-02；卷期2022 Mar。
UFWI-011,14,P0,On cycle-skipping and misfit function modification for full-wave inversion: Comparison of five recent approaches,2021,,,Arnaud Pladys; Romain Brossier; Yubing Li; Ludovic Métivier,True,Geophysics,10.1190/geo2020-0851.1,journal,published,geophysical_method,旧库深读; 比较与低频恢复; 抗周跳; 目标函数对照; AWI; 最优传输,用统一案例揭示五种抗周跳目标函数的能力和失效，而非再提出一种万能目标。,比较AWI、瞬时包络、归一化积分及两种OT距离；典型信号和Marmousi反演。,理论分析与二维合成基准；不是五种方法均经临床或野外验证。,试验覆盖有限，不足以得出某一目标在所有多到时、噪声及物理误差下最好。,设计AWI/OT/互相关实验与公平对照的首选；含Yubing Li共同作者。,primary_abstract,用于选择公平baseline和构造反例；比堆叠一串loss名称更能识别可写成论文的贡献。,https://doi.org/10.1190/geo2020-0851.1; https://api.crossref.org/works/10.1190/geo2020-0851.1,本轮核验；创新为文献贡献概括，迁移价值/局限含本库评估，不是全球首创证明。
UFWI-026,15,P0,A Forward Model Incorporating Elevation-Focused Transducer Properties for 3-D Full-Waveform Inversion in Ultrasound Computed Tomography,2023,2023-10-17,,Fu Li; Umberto Villa; Nebojsa Duric; Mark A Anastasio,True,"IEEE Transactions on Ultrasonics, Ferroelectrics, and Frequency Control (TUFFC)",10.1109/tuffc.2023.3313549,journal,published,medical_fwi,三维加速专题; A; 三维; 换能器模型; 建模误差,把环阵俯仰聚焦性质同时写进发射和接收正演模型。,空间变化时间延迟；三维FWI；与逐片二维堆叠比较。,模型定量验证和计算机模拟重建。,论文的重建证据主要是仿真，不能据此报告临床3D成果。,解释二维近似和焦平面外传播误差的关键TUFFC论文。,primary_abstract,三维阵元俯仰聚焦和接收模型必须正确，否则三维算法优势可能被算子失配淹没。,https://doi.org/10.1109/TUFFC.2023.3313549; https://pmc.ncbi.nlm.nih.gov/articles/PMC10775680/; https://arxiv.org/abs/2301.07787; https://doi.org/10.1109/tuffc.2023.3313549; https://pubmed.ncbi.nlm.nih.gov/37682648/; https://www.ebi.ac.uk/europepmc/webservices/rest/search?query=EXT_ID:37682648&format=json&resultType=core,核验作者原始摘要（出版社页面或PubMed/EuropePMC原文摘要）；非全文精读。最早公开日 2023-10-17；正式卷期 2023 Oct。
UFWI-014,16,P0,3D Frequency-Domain Full Waveform Inversion for Whole-Breast Imaging With a Multi-Row Ring Array,2025,2025-05-14,,Rehman Ali; Gaofei Jin; Melanie Singh; Trevor Mitcham; Nebojsa Duric,True,"IEEE Open Journal of Ultrasonics, Ferroelectrics, and Frequency Control",10.1109/ojuffc.2025.3570253,journal,published,medical_fwi,旧库深读; 医学FWI; 三维; 频域FWI; 乳腺; 阵列设计,以多排环阵和圆柱波发射实现完整三维反演，减少逐层重建面外分辨率损失。,三维Helmholtz/convergent Born series；多排接收；圆柱波发射。,三个数值乳腺模型；相对2D逐层FWI，RMSE改善6.3–13.7 m/s。,本篇是仿真；不同发射几何会影响与传统聚焦单环阵比较，未给真实三维临床验证。,帮助选择由2D到3D的求解器和硬件路线。,primary_fulltext,三维频域、多排环阵和Born求解器的紧凑前沿参照；明确仅数值验证，不与临床成果混排。,https://doi.org/10.1109/OJUFFC.2025.3570253; https://pmc.ncbi.nlm.nih.gov/articles/PMC12381738/; https://doi.org/10.1109/ojuffc.2025.3570253; https://pubmed.ncbi.nlm.nih.gov/40881718/; https://ieeexplore.ieee.org/document/11003981/,检索核验日期2026-09-26。正式2025-05-14，卷5:77–81。
UFWI-019,17,P0,Cross-correlation adjustment full-waveform inversion with source encoding in ultrasound computed tomography,2024,2024-07-01,,Nuomin Zhang; Yue Zhao; Yu Yuan; Yang Xiao; Mengting Qin; Yi Shen,True,Ultrasonics,10.1016/j.ultras.2024.107392,journal,published,medical_fwi,旧库深读; 医学FWI; 周期跳跃; 源编码; 走时,用互相关走时生成中间目标信号，并间歇更新以兼容源编码。,CCAFWI-SE；阶段性走时校正；声学时域梯度。,模拟和实验中，在常规FWI失败的初模条件下恢复声速。,忽略密度变化和吸收；走时估计可靠性及复杂散射下适用范围需另验。,兼顾cycle-skipping与计算成本，与AWI/OT应作直接超声对照。,primary_abstract,互相关校正与源编码结合，有模拟和实验；适合作为抗周跳与效率两方面的超声baseline。,https://doi.org/10.1016/j.ultras.2024.107392; https://pubmed.ncbi.nlm.nih.gov/38991429/; https://www.ebi.ac.uk/europepmc/webservices/rest/search?query=EXT_ID:38991429&format=json&resultType=core,核验作者原始摘要（出版社页面或PubMed/EuropePMC原文摘要）；非全文精读。最早公开日 2024-07-01；正式卷期 2024 Aug。
UFWI-127,18,P0,Transcranial ultrasound tomography for brain imaging: Ex vivo results and potential for stroke imaging,2025,2025-10-01,,Trevor Mitcham; Rehman Ali; Melanie Singh; Sarah McConnell; Redi Rahmani; Derrek Schartz; Matthew Bender; Edward Vates; Neb Duric,True,Medical Physics,10.1002/mp.18090,journal,published,medical_fwi,脑成像; 离体; 实测体模; 脑出血,从简单体模推进到含血液仿体、离体猕猴脑及完整离体人脑的解剖验证。,低频环阵UST/FWI；不同起始频段比较；仿颅骨与无颅骨对照。,simulation + physical hemorrhage phantom + ex vivo macaque/human brain；仿颅骨中可见直径0.7cm出血。,人脑样本为离体且无完整真实颅骨；颅骨仿体吸收较低，仍有cycle-skipping伪影。,临床宣称需要何种中间证据，这篇提供很清楚的评估台阶。,primary_fulltext,2025离体脑及出血仿体验证增强了脑FWI可行性证据；需清楚真实颅骨和活体条件尚未闭合。,https://aapm.onlinelibrary.wiley.com/doi/abs/10.1002/mp.18090; https://pmc.ncbi.nlm.nih.gov/articles/PMC12882777/; https://pubmed.ncbi.nlm.nih.gov/40993881/,检索核验日期2026-09-26。出版社online2025-09-24；卷52(10)，EuropePMC firstPublicationDate给2025-10-01。
UFWI-034,19,P0,Frequency-Domain Reconstruction of the Speed of Sound in Ring-Array Ultrasound Computed Tomography With Stochastic Phase Encoding,2026,2026-05-01,2026-04-27,Luca A Forte,True,IEEE Transactions on Ultrasonics (TUSON),10.1109/tuson.2026.3687801,journal,published,medical_fwi,三维加速专题; C；已发表摘要的直接证据是 ring-array synthetic/public patient reconstruction; 源编码; 频域; 加速,把多super-shot随机集合优化落实到频域环阵声速FWI。,stochastic phase encoding；多super-shot；频域随机梯度/集合。,合成数据及公开患者数据对照确定性频域FWI，报告相当图像质量和显著减时。,作者自称最快/最先进未独立证实；摘要未给硬件公平基准细节，3D是后续方向。,2026源编码重点必读，适合与时域编码及2025涡旋编码比较。,primary_abstract,新刊TUSON中频域随机相位编码结合患者数据，对当前多炮频域成本有直接参考价值。,https://doi.org/10.1109/TUSON.2026.3687801; https://discovery.dundee.ac.uk/en/publications/frequency-domain-reconstruction-of-the-speed-of-sound-in-ring-arr/; https://arxiv.org/abs/2508.08434; https://doi.org/10.1109/tuson.2026.3687801; https://pubmed.ncbi.nlm.nih.gov/42735185/; https://www.ebi.ac.uk/europepmc/webservices/rest/search?query=EXT_ID:42735185&format=json&resultType=core,核验作者原始摘要（出版社页面或PubMed/EuropePMC原文摘要）；非全文精读。Europe PMC日期 2026-05-01（卷期）；出版社Date of Publication为2026-04-27；正式卷期 2026 May。
UFWI-031,20,P0,Sobolev space norm regularized full waveform inversion for ultrasound computed tomography,2025,,,Panpan Li; Yubing Li; Chang Su; Zeyuan Dong; Weijun Lin,True,Chinese Physics B,10.1088/1674-1056/adbbc0,journal,published,medical_fwi,三维加速专题; C; 正则化; 频域; 肌骨,把Sobolev范数先验引入多尺度频域FWI，并按正则/数据项比例动态调整权重。,Sobolev空间正则；频域频率递进；自适应正则强度。,数值乳腺/大腿及离体猪五花肉数据验证。,仍存在正则模型选择；动态权重不是无超参数；证据不含临床大样本。,适合与OT目标函数独立比较正则对分辨率和收敛的贡献。,primary_abstract,国内重点作者线的正则化工作，数值与离体数据都可作为对照；可比较Sobolev和TV的结构偏好。,https://doi.org/10.1088/1674-1056/adbbc0; https://cpb.iphy.ac.cn/article/doi/10.1088/1674-1056/adbbc0; https://cpb.iphy.ac.cn/EN/10.1088/1674-1056/adbbc0,原刊PDF作者是Zeyuan Dong（董则元），OpenAlex Zibo Dong为元数据错误。
UFWI-125,21,P0,"A probabilistic approach to tomography and adjoint state methods, with an application to full waveform inversion in medical ultrasound",2022,2022-03-01,,Oscar Bates; Lluis Guasch; George Strong; Thomas Caradoc Robins; Oscar Calderon-Agudo; Carlos Cueto; Javier Cudeiro; Mengxing Tang; Mengxing Tang,True,Inverse Problems,10.1088/1361-6420/ac55ee,journal,published,medical_fwi,不确定性; 变分推断; 脑成像,在常见近似下，以几乎不增加FWI计算量的方式估计逐像素声速方差。,stochastic variational inference；mean-field Gaussian后验；伴随梯度；以方差辅助质量评估。,作者全文报告in vitro与in silico研究，演示cycle-skipping/位置误差和物理失配的质量提示。,mean-field忽略像素相关性；低方差不自动保证无偏或临床可靠；no-cost有近似条件。,可与AWI鲁棒性、局部极小与辨识性联合评价。,primary_fulltext,把不确定性加入FWI质量评价，避免只看图像或loss；需理解mean-field近似限制。,https://pmc.ncbi.nlm.nih.gov/articles/PMC7616383/; https://doi.org/10.1088/1361-6420/ac55ee,检索核验日期2026-09-26。正式2022-03-14；PMC收录2024不代表发表年。
UFWI-134,22,P0,Automatic Skull-Template Alignment Without a Guidance Image,2026,2026-06-06,2026-06-05,Oscar Bates; Carlos Cueto; Ciaran Coleman; Cameron A B Smith; Lluis Guasch; Oscar Calderon Agudo,True,Ultrasound in Medicine & Biology,10.1016/j.ultrasmedbio.2026.05.003,journal,published,medical_fwi,旋转平移; 几何校准; 脑成像; 流形优化,MOFI直接通过超声RF数据配准颅骨模板，去掉同步MRI指导配准需求。,manifold optimisation for full-waveform inversion；将模型变换参数（旋转/平移）经自动微分连接到FWI梯度，以RF波形失配优化姿态。,in silico与in vitro；图4演示错误模板位置导致FWI失败，而MOFI配准后重建成功。,仍需已有颅骨模板；本文实验为简化声学/常密度/零衰减模型，且模板声速和形状也不完全准确；配准不等于从零重建颅骨。,与当前旋转平移研究最直接的新Imperial论文。,primary_fulltext,MOFI以RF波形直接优化模板旋转平移，与几何参数反演高度相关；仍需已有模板。,https://doi.org/10.1016/j.ultrasmedbio.2026.05.003; https://www.umbjournal.org/article/S0301-5629%2826%2900188-2/fulltext; https://arxiv.org/abs/2601.14533,检索核验日期2026-09-26。预印本2026-01-20；出版社目录online2026-06-05，EuropePMC记2026-06-06，正式卷52(9):1854–1861。已读原文In vitro、方法及图4说明。
UFWI-039,23,P0,Dual-Probe Transcranial Full-Waveform Inversion: A Brain Phantom Feasibility Study,2023,2023-07-18,,Thomas Caradoc Robins; Carlos Cueto; Javier Cudeiro; Oscar Bates; Oscar Calderon Agudo; George Strong; Lluis Guasch; Michael Warner; Meng-Xing Tang; Meng-Xing Tang,True,Ultrasound in Medicine & Biology,10.1016/j.ultrasmedbio.2023.06.001,journal,published,medical_fwi,三维加速专题; B; 双探头; 脑成像; 有限孔径; 实测体模,用可获得的双探头与旋转采集探索低成本经颅FWI实验路径。,线阵/旋转环视角比较；阵元位置和源波形校准；仿颅骨先验初模。,数值对照和2:5比例2.5-D脑/仿颅骨实物重建。,高对比仿颅骨场景依赖合适初模；非真实完整颅骨或活体人脑。,可与2022自制40阵元系统比较采样和硬件可得性。,primary_fulltext,Imperial透颅双探头实体体模验证，帮助区分大孔径理论理想化与受限采集的实际难度。,https://doi.org/10.1016/j.ultrasmedbio.2023.06.001; https://pubmed.ncbi.nlm.nih.gov/37474432/; https://pmc.ncbi.nlm.nih.gov/articles/PMC7616382/; https://spiral.imperial.ac.uk/entities/publication/45d68ac6-cb88-4c45-8cc1-ad3d68641ecb,检索核验日期2026-09-26。online2023-07-18，卷49(10):2302–2315。
UFWI-113,24,P0,Quantitative ultrasound brain imaging with multiscale deconvolutional waveform inversion,2023,,,Yu-Bing Li; Jian Wang; Chang Su; Wei-Jun Lin; Xiu-Ming Wang; Yi Luo,True,Chinese Physics B,10.1088/1674-1056/ac6dad,journal,published,medical_fwi,解卷积; AWI相关; 经颅; 多尺度,以有限长度Wiener匹配滤波器衡量波形差异，构造多尺度解卷积超声反演。,时域波动正演；有限长度Wiener滤波；多尺度优化。,人体脑模型数值实验展示颅内声速定量成像及亚毫米潜力。,数值演示，不是人体在体；有限滤波长度和AWI等价性需细读推导。,与AWI机理研究直接相关，是李玉冰方法主线必读。,primary_abstract,李玉冰团队解卷积波形反演与AWI最接近的必查先行工作，创新定位不能跳过。,https://cpb.iphy.ac.cn/EN/10.1088/1674-1056/ac6dad; https://doi.org/10.1088/1674-1056/ac6dad,在线2022-05-07，正式Chin.Phys.B32(1)014303为2023；原刊署名明确李玉冰。
UFWI-099,25,P0,Waveform inversion of sound speed and acoustic attenuation for ring-array ultrasound tomography based on optimal transport framework,2026,2026-02-14,,Dan Gao; Xiaoyan Tao; Fansheng Meng; Guojun Zhang; Licheng Jia; RenXin Wang; Changde He; Yuhua Yang; Wendong Zhang; Xingling Shao,True,Ultrasonics,10.1016/j.ultras.2026.108001,journal,published,medical_fwi,最优传输; 多参数; 衰减,将Sigmoid数据映射与2-Wasserstein目标结合，同时重建声速和衰减。,环阵USCT；W2失配；Sigmoid处理正负波形；多参数FWI。,摘要报告直径/声速/衰减最大相对误差2.1%/3.8%/5.1%，区域Dice92.6%。,出版社同页Highlights称MRI对照、摘要称B-mode；样本量和对照需全文复核，不能据此称临床成熟。,最新直接超声OT多参数论文，应对照2025 graph-space OT，重点读数据变换对幅度的影响。,primary_abstract,2026声速/衰减OT工作值得关注，但摘要与Highlights的对照方式不一致，阅读时需审原始实验细节。,https://doi.org/10.1016/j.ultras.2026.108001; https://pubmed.ncbi.nlm.nih.gov/41702271/; https://www.ebi.ac.uk/europepmc/webservices/rest/search?query=EXT_ID:41702271&format=json&resultType=core; https://www.sciencedirect.com/science/article/pii/S0041624X26000533,核验作者原始摘要（出版社页面或PubMed/EuropePMC原文摘要）；非全文精读。最早公开日 2026-02-14；正式卷期 2026 Jul。
UFWI-100,26,P0,"Quantitative comparison of the total focusing method, reverse time migration, and full waveform inversion for ultrasonic imaging",2025,2025-06-09,,Tim Bürchner; Simon Schmid; Lukas Bergbreiter; Ernst Rank; Stefan Kollmannsberger; Christian U Grosse,True,Ultrasonics,10.1016/j.ultras.2025.107705,journal,published,ndt_fwi,NDT; 比较基准; 实验,用统一样本和分割指标量化TFM、RTM与两阶段FWI性能。,全矩阵采集；六种圆孔/Y形缺口试件；AUPRC/AUROC/F1评估。,合成和实测数据中，两阶段FWI在多数六种试件上表现最好。,仅六种样本，结论非所有NDT几何的普遍排名；数据需请求。,最适合建立FWI相对传统成像优势的证据标准，而非只比较漂亮图像。,primary_abstract,NDT方向优先读这一实测对比，用统一定量指标判断FWI相比TFM/RTM的收益，而非只看好看的图。,https://doi.org/10.1016/j.ultras.2025.107705; https://pubmed.ncbi.nlm.nih.gov/40517453/; https://www.ebi.ac.uk/europepmc/webservices/rest/search?query=EXT_ID:40517453&format=json&resultType=core,核验作者原始摘要（出版社页面或PubMed/EuropePMC原文摘要）；非全文精读。最早公开日 2025-06-09；正式卷期 2025 Nov。
UFWI-098,,P1,Simultaneous multiparameter visco-acoustic full waveform inversion for breast ultrasound imaging,2027,2026-08-20,,Jin Li; Jiahao Ren; Jixin Yang; Yang Liu,True,Ultrasonics,10.1016/j.ultras.2026.108280,journal,published,medical_fwi,多参数; 衰减; 频域,将近恒Q黏声学与同步速度/Q反演结合，比较分层与同步策略。,Kolsky–Futterman复慢度；伴随梯度；Minimum Gradient Support正则。,作者摘要报告单/多肿瘤及强衰减钙化模型的同步反演优势。,在线日期2026-08-20，卷期2027-01；不能按2026正式卷期引用。摘要缺临床规模和代码证据。,值得与声速/阻抗OT及声速/衰减两阶段反演并读，检查参数串扰。,primary_abstract,,https://doi.org/10.1016/j.ultras.2026.108280; https://pubmed.ncbi.nlm.nih.gov/42641409/; https://www.ebi.ac.uk/europepmc/webservices/rest/search?query=EXT_ID:42641409&format=json&resultType=core,核验作者原始摘要（出版社页面或PubMed/EuropePMC原文摘要）；非全文精读。最早公开日 2026-08-20；正式卷期 2027 Jan。
UFWI-122,,P1,Dual-decoder network regularization for ultrasonic guided-wave full waveform inversion,2026,,,Ailin Liu; Dan Li; Jianqiu Zhang; Dean Ta,True,Mechanical Systems and Signal Processing,10.1016/j.ymssp.2026.114563,journal,published,ndt_fwi,DIP; 导波; 正则化; 周期跳跃,双解码器DIP对每轮时域FWI输出闭环正则，改善弱先验下更新。,encoder-dual-decoder；特征融合；输出回送后续FWI初模。,数值及实测；摘要PSNR7.16到28.91dB、SSIM0.62到0.85，初速度容差±16%对±6%。,指标为特定实验比较，不可外推任意结构；需比较匹配的迭代/正则预算。,作为2023RNN/DIP导波FWI的后续发展，关注正则与优化贡献。,primary_abstract,,https://www.sciencedirect.com/science/article/pii/S088832702600720X; https://doi.org/10.1016/j.ymssp.2026.114563,出版社日期2026-08-01；只核摘要和引言。
UFWI-120,,P1,Graph neural networks for full waveform inversion,2026,,,Divya Shyam Singh; Leon Herrmann; Tim Bürchner; Felix Dietrich; Stefan Kollmannsberger,True,Computational Mechanics,10.1007/s00466-026-02796-5,journal,published,ndt_fwi,图网络; 参数化; 迁移学习; 三维弹性,以GCN参数化把神经FWI从规则网格扩展到任意几何，并从2D声学预训练迁移到3D弹性。,首迭代伴随梯度到密度损伤场预训练；GCN；Salvus正演；PDE约束优化。,不同几何、阵列分布及材料的数值实验。,主要数值验证；依赖预训练和商业Salvus；2D到3D迁移不保证任意损伤分布均泛化。,相比直接逆网络保留物理拟合与残差，适合研究学习参数化如何改善病态性。,primary_fulltext,,https://link.springer.com/article/10.1007/s00466-026-02796-5; https://doi.org/10.1007/s00466-026-02796-5,2026-06-04；核读摘要、方法和参数化部分，非全文逐段精读。
UFWI-138,,P1,High-fidelity three-dimensional reconstruction of musculoskeletal tissues via diffusion based ultrasonic computed tomography,2026,2026-05-23,,Tianyu Liu; Heyu Ma; Peiwen Li; Aiduo Wang; Wenming Chen; Chengcheng Liu; Boyi Li; Dean Ta,True,Medical Image Analysis,10.1016/j.media.2026.104141,journal,published,adjacent_ultrasound,扩散模型; 肌骨; 切片三维显示; 直接学习,结合注意力特征提取与扩散精化实现快速肌骨参数切片重建。,DiffUCT两阶段架构；10步扩散采样；逐片结果形成体积显示。,下肢数据集报告PSNR37.78dB/SSIM0.9734/LPIPS0.0097，0.126秒/片，较选定FWI约4000倍。,切片重建不是三维PDE-FWI；训练成本、真实参数真值和分布外可靠性需全文核验。,最新快速USCT替代路线，与生成神经物理2508.12226为不同论文不可误合并。,primary_abstract,,https://doi.org/10.1016/j.media.2026.104141; https://pubmed.ncbi.nlm.nih.gov/42214247/; https://www.ebi.ac.uk/europepmc/webservices/rest/search?query=EXT_ID:42214247&format=json&resultType=core,仅核验EuropePMC缓存中完整作者摘要和书目；未全文精读。最早公开2026-05-23；卷期2026 Jul。
UFWI-114,,P1,Hybrid Full Waveform Inversion Assisted by Rytov Approximation for Musculoskeletal Ultrasound Computed Tomography,2026,,,Yifei Sun; Yubing Li; Chang Su; Lekang Jiang; Xiangwei Lu; Ligang Cui; He Sun; Weijun Lin,True,arXiv,10.48550/arxiv.2605.25139,preprint,preprint,medical_fwi,周期跳跃; Rytov; 肌骨; 频域,将广义Rytov走时反演嵌入频域FWI初期以降低初模和低频敏感性。,HFWI；透射相位更新初至走时；共享波场避免额外正演。,摘要报告模拟、体外和在体验证。,预印本，未核验同行评审；无额外成本结论应检查走时更新与总耗时条件。,2026李玉冰主线最值得关注的新方法，可与CCAFWI/AWI/OT公平比较。,primary_abstract,,https://arxiv.org/abs/2605.25139; https://doi.org/10.48550/arXiv.2605.25139,2026-05-24 v1；截至检索未见期刊DOI。
UFWI-032,,P1,Implementation and Validation of the Multi-scale Gradient Smoothing Strategy for Breast Full Waveform Inversion,2026,2026-03-23,,Yun Wu; Qiude Zhang; Weicheng Yan; Zhaohui Liu; Xiaolu Zeng; Mingyue Ding; Wu Qiu; Ming Yuchi,True,Ultrasound in Medicine & Biology,10.1016/j.ultrasmedbio.2026.02.020,journal,published,medical_fwi,三维加速专题; C,旧专题归纳：对每步 gradient 做 Gaussian low-pass，并随迭代逐渐减小 smoothing scale，先恢复大结构再恢复细节。,对每步 gradient 做 Gaussian low-pass，并随迭代逐渐减小 smoothing scale，先恢复大结构再恢复细节。,摘要明确报告相对 baselines 有更低 RMSE、更高 SSIM，且 in-vivo CNR 最高；摘要未列具体数值、schedule、网格或运行时间，因此这里不补写数字。,缺少真 3D 证据；过强 smoothing 会牺牲骨管壁与小血管边界。,这是比“直接将 mask 外全置水”更柔和、风险较低的 early-iteration 先验；可用于缓解密网格的高频伪影。,legacy_note,,https://doi.org/10.1016/j.ultrasmedbio.2026.02.020; https://pubmed.ncbi.nlm.nih.gov/41876345/,沿用2026-08-29专题笔记；本轮未逐条重新打开外部来源，旧primary级别不继承。
UFWI-119,,P1,"Neural operators for ultrasonic full waveform inversion: A next-generation ultrasonic NDT with improved fidelity, efficiency, and robustness",2026,,,Jiang Lu; Lishuai Liu; Xuan Li; Shijun Wang; Yanxun Xiang,True,Mechanical Systems and Signal Processing,10.1016/j.ymssp.2026.114179,journal,published,adjacent_ultrasound,神经算子; NDT; 直接反演,将U-Net Fourier Neural Operator用于超声全波形数据到缺陷参数的直接映射。,U-FNO；Fourier核；数据驱动直接逆映射。,数值及实验，与传统FWI、代表网络和TFM比较。,为学习式直接反演而非严格每例PDE约束FWI；须计训练成本和分布外泛化。,2026NDT学习成像前沿，适合作为加速路线对照。,primary_abstract,,https://www.sciencedirect.com/science/article/pii/S0888327026003365; https://doi.org/10.1016/j.ymssp.2026.114179,原刊作者摘要及引言已读；2026-05刊载。
UFWI-043,,P1,Reconstructing effective ultrasound transducer models via distributed source inversion,2026,2026-07-09,,Tim Bürchner; Simon Schmid; Ernst Rank; Stefan Kollmannsberger; Andreas Fichtner,True,Ultrasonics,10.1016/j.ultras.2026.108221,journal,published,ndt_fwi,三维加速专题; D; 源校准; NDT,通过分布式源反演恢复换能器时空激励，减少点源假设失配。,伴随源反演；恢复孔径上的幅度和相位变化；正演再用于RTM/FWI。,铝半圆柱方向性实测核验；成像增益来自合成RTM/FWI算例。,源模型校准的实验验证不等于复杂缺陷FWI已全面实测验证；数据按请求提供。,直接说明实验FWI前应优先校准源，是2023李玉冰源方向性工作的有价值对照。,primary_abstract,,https://doi.org/10.1016/j.ultras.2026.108221; https://arxiv.org/abs/2603.24415; https://pubmed.ncbi.nlm.nih.gov/42430860/; https://www.ebi.ac.uk/europepmc/webservices/rest/search?query=EXT_ID:42430860&format=json&resultType=core; https://portal.fis.tum.de/en/publications/reconstructing-effective-ultrasound-transducer-models-via-distrib/,核验作者原始摘要（出版社页面或PubMed/EuropePMC原文摘要）；非全文精读。最早公开日 2026-07-09；正式卷期 2026 Dec。
UFWI-136,,P1,Review of Current Advances in Ultrasound Computed Tomography for Medical Imaging,2026,2026-05-14,,Weicheng Yan; Lei He; Hui Zhang; Zesong Wang; Xiaolu Zeng; Hongrui Tan; Xiang Zhou; Yun Wu; Zhaohui Liu; Liren Fan; Pengcheng Zhang; Zhaoyuan Guo; Gaoxiang Xie; Chao Cai; Mingyue Ding; Ming Yuchi; Wu Qiu,True,IEEE Reviews in Biomedical Engineering,10.1109/rbme.2026.3686264,review,published,adjacent_ultrasound,综述; USCT; 硬件; 临床转化,系统整合USCT硬件、反射、多参数FWI、校准、学习方法及应用进展。,五领域综述；覆盖乳腺、肌骨、脑、肺等应用。,作者综述摘要可核范围；本次未全文审阅引用检索和纳入标准。,综述不是新的临床试验；商业系统批准不意味着每种FWI算法已获验证。,2026领域入口和追踪遗漏的优先综述，适合先读建立分类地图。,primary_abstract,,https://doi.org/10.1109/rbme.2026.3686264; https://pubmed.ncbi.nlm.nih.gov/42133513/; https://www.ebi.ac.uk/europepmc/webservices/rest/search?query=EXT_ID:42133513&format=json&resultType=core,仅核验EuropePMC缓存中完整作者摘要和书目；未全文精读。最早公开2026-05-14；卷期2026 May。
UFWI-142,,P1,SSI-Net: a hybrid physics-constrained deep learning framework for quantitative ultrasound speed-of-sound reconstruction,2026,2026-04-08,,Sun Zheng; Jiang Qian; Gao Zhangshuo; Sheng Yangjie,True,Physics in Medicine & Biology,10.1088/1361-6560/ae5374,journal,published,adjacent_ultrasound,深度学习; PDE约束训练; 非线性声学; 直接学习,把可微Westervelt时域求解器嵌入数据到声速网络训练。,BiGRU编码；U-Net解码；数据/物理残差联合损失；两阶段训练。,模拟、组织仿体与在体小鼠；摘要报告物理残差降25.6%–57.5%、109.4ms/样本。,物理约束在训练阶段，不等同每例迭代FWI；所谓精确求解器仍有离散误差。,适合比较带PDE训练约束与纯学习USCT的可靠性。,primary_abstract,,https://doi.org/10.1088/1361-6560/ae5374; https://pubmed.ncbi.nlm.nih.gov/41843981/; https://www.ebi.ac.uk/europepmc/webservices/rest/search?query=EXT_ID:41843981&format=json&resultType=core,仅核验EuropePMC缓存中完整作者摘要和书目；未全文精读。最早公开2026-04-08；卷期2026 Apr。
UFWI-115,,P1,Simulation-to-Real First-Break Segmentation for Efficient Inversion in Musculoskeletal Ultrasound Tomography,2026,,,Yifei Sun; Yubing Li; Yannick Benezeth; Stéphanie Bricq; Yunrong Zhang; Lekang Jiang; Chang Su; Ligang Cui; Weijun Lin,True,arXiv,10.48550/arxiv.2608.19828,preprint,preprint,medical_fwi,首波拾取; 域迁移; 肌骨; 混合反演,把多道首至轨迹作为二维分割目标，并以真实噪声和少量弱标注缩小仿真到实验差距。,轻量2D U-Net；分阶段训练；decoder-only微调；首至+Rytov HFWI。,仿体、离体牛肢、人在体大腿；全FMC秒级拾取；含局部估计SNR<3dB案例。,预印本；需要真实噪声和少量实验标签，不是零标注泛化。,关注真实系统弱信号及初模构建，属于算法链条而非单一损失函数创新。,primary_abstract,,https://arxiv.org/abs/2608.19828; https://doi.org/10.48550/arXiv.2608.19828,2026-08-20 v1；未见正式刊载链接。
UFWI-056,,P1,A viscoacoustic wave equation solver using modified Born series,2025,,,Yifei Sun; Yubing Li; Chang Su; Weijun Lin,True,The Journal of the Acoustical Society of America,10.1121/10.0039529,journal,published,adjacent_ultrasound,黏声; Born求解器; 正演求解器; Born级数; 衰减; 三维,把convergent Born series扩展到含声速、密度和衰减的黏声学波动。,VBS；预条件理论；多尺度策略；二维/三维频域正演。,组织及高阻抗经颅模型数值测试。,是正演求解器论文，非已验证完整临床FWI；准确性与收敛条件需纳入使用。,李玉冰团队频域高效反演的重要计算底座。,primary_abstract,,https://doi.org/10.1121/10.0039529,读取本地原刊PDF封面及摘要/导言；online2025-10-13。
UFWI-055,,P1,Agent-Physics-Informed Neural Network solving frequency-domain Helmholtz equation related forward and inverse problems,2025,,,Zeyuan Dong; Chang Su; Hao Chen; Weijun Lin; Yubing Li,True,Wave Motion,10.1016/j.wavemoti.2025.103580,journal,published,medical_fwi,PINN; 波场求解; 频域; 神经正演,以agent field增强PINN对散射场的敏感性，并进行多频段逐步训练。,Helmholtz PINN；单频到频带训练；频域散射场逆变换；速度网络反演。,复杂模型的正反演数值测试。,作者明确较小逆/正训练成本比不代表比传统FWI快，正演训练仍昂贵；未核验实验。,关注可微神经正演及参数化，不能把论文描述夸大成已实现加速FWI。,primary_abstract,,https://doi.org/10.1016/j.wavemoti.2025.103580; https://www.sciencedirect.com/science/article/pii/S0165212525000915,原刊摘要完整读取。
UFWI-088,,P1,Designing full waveform inverse problems: a combined data and model approach,2025,,,Arnaud Mercier; Christian Boehm; Hansruedi Maurer,True,Geophysical Journal International,10.1093/gji/ggaf117,journal,published,geophysical_method,采集设计; 模型降维; 计算加速,同时优化源布局与模型参数化，避免采集设计与模型压缩各自优化。,小波域实验设计指标、紧凑模型表示、Gauss–Newton；可用于采后源接收对选择。,论文数值案例约减少50%源、压缩90%模型；数字仅适用于文中案例。,依赖参考模型/灵敏度与压缩先验；设计和计算开销须计入总成本。,对环阵稀疏采样、旋转平移和三维成本控制有直接启发。,primary_abstract,,https://academic.oup.com/gji/article/241/3/1479/8098226; https://doi.org/10.1093/gji/ggaf117,本轮核验；创新为文献贡献概括，迁移价值/局限含本库评估，不是全球首创证明。
UFWI-102,,P1,Full-Waveform Inversion Imaging of Cortical Bone Using Phased Array Tomography,2025,2025-02-20,,Lexiu Xu; Yifang Li; Yuan Liu; Qinzhen Shi; Wenyu Xing; Tao Jiang; Gaobo Zhang; Ying Li; Dean Ta,True,IEEE Transactions on Biomedical Engineering,10.1109/tbme.2024.3477708,journal,published,medical_fwi,骨; 频域; 实验,把相控阵频域FWI用于皮质骨，分析起始频率与初始声速关系。,二维频域传播；离散频率递进；最大起始频率准则。,仿真、仿体、离体皮质部分平均相对误差3.18%/8.71%/9.36%。,二维设置；离体误差高于模拟；摘要不构成人体临床验证。,骨强对比度FWI实验路线的重要对照。,primary_abstract,,https://doi.org/10.1109/tbme.2024.3477708; https://pubmed.ncbi.nlm.nih.gov/39388318/; https://www.ebi.ac.uk/europepmc/webservices/rest/search?query=EXT_ID:39388318&format=json&resultType=core,核验作者原始摘要（出版社页面或PubMed/EuropePMC原文摘要）；非全文精读。最早公开日 2025-02-20；正式卷期 2025 Mar。
UFWI-033,,P1,Full-Waveform Inversion With Low-frequency Extrapolation Based on Sparse Deconvolution for Ultrasound Computed Tomography,2025,2025-05-04,,Nuomin Zhang; Yang Xiao; Yu Yuan; Xudong Yang; Yi Shen,True,Ultrasound in Medicine & Biology,10.1016/j.ultrasmedbio.2025.04.003,journal,published,medical_fwi,三维加速专题; C; 低频缺失; 解卷积; 周期跳跃,借助时域脉冲响应稀疏性估计缺失低频，初始化多频FWI。,稀疏解卷积；脉冲响应估计；频谱外推；多频FWI。,模拟声速RMSE34.47降6.47m/s；仿体16.57降5.98m/s。,外推低频是近似恢复，不能当作测得低频或声称额外真实信息；稀疏假设限制适用性。,与AWI/FDWI区分数据补全和目标函数变化，适合低频不足实验。,primary_abstract,,https://doi.org/10.1016/j.ultrasmedbio.2025.04.003; https://openalex.org/W4410053582; https://pubmed.ncbi.nlm.nih.gov/40320347/; https://www.ebi.ac.uk/europepmc/webservices/rest/search?query=EXT_ID:40320347&format=json&resultType=core,核验作者原始摘要（出版社页面或PubMed/EuropePMC原文摘要）；非全文精读。最早公开日 2025-05-04；正式卷期 2025 Aug。
UFWI-121,,P1,Generative adversarial network-based ultrasonic full waveform inversion for high-density polyethylene structures,2025,,,Zhifei Xiao; Jing Rao; Sascha Eisenträger; Ka-Veng Yuen; S. Ali Hadigheh,True,Mechanical Systems and Signal Processing,10.1016/j.ymssp.2024.112160,journal,published,ndt_fwi,GAN; 物理约束; 高对比; NDT,用声学PDE作生成器、学习critic比较数据分布，缓解HDPE强缺陷FWI局部极小。,Wasserstein GAN式对抗目标；速度模型和critic交替更新。,HDPE数值及实验缺陷重建。,非纯端到端生成；训练稳定性、critic依赖和不同噪声分布泛化仍需评估。,把学习目标函数与传统FWI相结合的较有创新性的NDT论文。,primary_abstract,,https://www.sciencedirect.com/science/article/pii/S0888327024010598; https://doi.org/10.1016/j.ymssp.2024.112160,2024在线/2025正式卷224；勿与W2解析最优传输失配混为一谈。
UFWI-103,,P1,Guided wave tomography of pipe bends based on full waveform inversion,2025,2025-01-01,,Carlos-Omar Rasgado-Moreno; Marek Rist; Raul Land; Madis Ratassepp,True,Ultrasonics,10.1016/j.ultras.2024.107560,journal,published,ndt_fwi,NDT; 导波; 各向异性,将弯管几何产生的等效各向异性纳入二维FWI厚度成像。,Thomsen参数；弯管波场等效；速度到厚度转换。,数值缺陷方位比较及直径220mm弯管实测；人工缺陷直径100mm、深47%。,对平滑缺陷较有效，靠外弧更好；不保证尖锐裂纹或任意弯曲情况。,展示地震各向异性参数化向工业超声迁移的具体实例。,primary_abstract,,https://doi.org/10.1016/j.ultras.2024.107560; https://pubmed.ncbi.nlm.nih.gov/39778359/; https://www.ebi.ac.uk/europepmc/webservices/rest/search?query=EXT_ID:39778359&format=json&resultType=core,核验作者原始摘要（出版社页面或PubMed/EuropePMC原文摘要）；非全文精读。最早公开日 2025-01-01；正式卷期 2025 Apr。
UFWI-091,,P1,Optimal transport-based full-waveform inversion for shallow seismic data,2025,,,Dmitry Borisov; Richard D. Miller; Steven D. Sloan,True,Geophysics,10.1190/geo2024-0165.1,journal,published,geophysical_method,最优传输; 模型失配; 实测验证,把GSOT放在不同正演器、错子波、衰减失配和粗网格中检验，减少inverse crime。,近地表弹性FWI；L2/GSOT比较，合成与地下空洞现场数据。,野外空洞数据及有意引入失配的合成实验。,地震面波与超声透射不同，不能把效果数字直接搬到USCT。,比只在同一正演器生成数据的试验更适合设计稳健性验证。,primary_abstract,,https://doi.org/10.1190/geo2024-0165.1; https://api.crossref.org/works/10.1190/geo2024-0165.1,本轮核验；创新为文献贡献概括，迁移价值/局限含本库评估，不是全球首创证明。
UFWI-118,,P1,Stabilized adaptive waveform inversion for enhanced robustness in Gaussian penalty matrix parameterization and transcranial ultrasound imaging,2025,,,Jun-Jie Zhao; Shan-Mu Jin; Yue-Kun Wang; Yu Wang; Ya-Hui Peng,True,Chinese Physics B,10.1088/1674-1056/add4f3,journal,published,medical_fwi,AWI; Wiener滤波; 经颅; 稳定性,通过用户指定Wiener滤波零时延位置，降低AWI对Gaussian惩罚矩阵参数的敏感性。,SAWI；零填充/零时延控制；AWI目标及伴随源。,数值经颅及Gaussian参数设置中，SAWI在AWI失败条件下仍成功。,仅数值证据；零时延移动与滤波长度/边界效应应仔细区分，不能推出一般超分辨结论。,与AWI机理研究高度相关，适合直接复核匹配滤波器和惩罚参数作用。,primary_abstract,,https://cpb.iphy.ac.cn/EN/10.1088/1674-1056/add4f3; https://doi.org/10.1088/1674-1056/add4f3,Chin.Phys.B34(8)084301；online2025-05-07；非李玉冰团队。
UFWI-131,,P1,Ultrasonic Medical Tissue Imaging Using Probabilistic Inversion: Leveraging Variational Inference for Speed Reconstruction and Uncertainty Quantification,2025,,,Qiang Li; Heyu Ma; Chengcheng Liu; Dean Ta,True,arXiv,10.48550/arxiv.2501.07348,preprint,preprint,medical_fwi,不确定性; 变分推断; 乳腺,将SVGD粒子近似后验引入超声FWI，并与SVI及MCMC比较不确定性。,后验梯度、Stein variational gradient descent、多粒子；ROI误差与方差分析。,当前v3明确synthetic datasets，包括逼真解剖乳腺数值模型；无实测RF验证依据。,预印本；粒子数与计算负担、后验近似偏差要读全文；数值均值方差不能等同可靠覆盖率。,与Bates2022 mean-field SVI构成直接方法比较。,primary_abstract,,https://arxiv.org/abs/2501.07348v3,检索核验日期2026-09-26。v1 2025-01-13，v3 2025-10-14。缓存v1的real-world breast tissue data措辞易误读；当前摘要明确anatomically realistic simulation。
UFWI-116,,P1,Ultrasound Tomography of Musculoskeletal Tissues with Generative Neural Physics,2025,,,Zhijun Zeng; Youjia Zheng; Chang Su; Qianhang Wu; Hao Hu; Zeyuan Dong; Yang Lv; Ligang Cui; Zhiyong Hou; Weijun Lin; Zuoqiang Shi; Yubing Li; He Sun,True,arXiv,10.48550/arxiv.2508.12226,preprint,preprint,medical_fwi,生成式先验; 神经物理; 肌骨; 三维,以生成网络和physics-informed神经模拟相结合，对强散射肌骨进行快速参数成像。,跨模态图像训练紧凑传播替代模型；生成先验与物理计算结合。,摘要报告乳腺/臂/腿合成及在体，3D参数图少于10分钟、分辨率与MRI可比。,预印本，需审查独立真值、训练/测试划分和先验偏置；摘要性能尚未独立复现。,李玉冰团队最新重点观察项，建议与Rytov物理FWI并列看而分开证据级别。,primary_abstract,,https://arxiv.org/abs/2508.12226; https://doi.org/10.48550/arXiv.2508.12226,首发2025-08-17，当前v4为2026-08-06；是作者指定的2312.15575替代版本；不能与其他同类diffusion论文按题意合并。
UFWI-128,,P1,Untrained Neural Network-Based Full-Waveform Inversion for Breast Sound Speed Imaging in Ultrasound Computed Tomography,2025,,,Weicheng Yan; Qiude Zhang; Yun Wu; Mingyue Ding; Ming Yuchi; Wu Qiu,False,IEEE Transactions on Instrumentation and Measurement,10.1109/tim.2025.3554289,journal,published,medical_fwi,神经参数化; 无训练集; 乳腺; 在体,以未训练网络参数化声速，用隐式正则降低初值敏感性且不需配对训练集。,UNN声速生成器嵌入FWI；物理范围映射、TV、多频段优化与复合点源校准。,数值、物理乳腺体模及in vivo乳腺；出版社摘要明确三类验证。,单案例无监督优化仍有计算与正则偏差；初值鲁棒不等于消除所有cycle skipping。,与AWI可互补；2025学习类优先，因为有在体而非只做仿真。,primary_abstract,,https://ieeexplore.ieee.org/document/10938234/; https://abif.hust.edu.cn/info/1081/1376.htm; https://arxiv.org/abs/2406.08523,检索核验日期2026-09-26。正式2025-03-26；2024预印本标题不同，合并为本正式版。authors为部分，待完整作者导出。
UFWI-022,,P1,Vortex-encoded full-waveform inversion-based ultrasound computed tomography,2025,2025-04-01,,Chenchen Zhou; Guoao Ma; Ying Li; Kailiang Xu; Dean Ta,True,The Journal of the Acoustical Society of America,10.1121/10.0036366,journal,published,medical_fwi,旧库深读; 相邻超声与源编码; 源编码; 肌骨; 加速,利用环形阵声涡旋模式的正交性抑制编码源串扰。,涡旋相位编码；多个源合并波场计算；VE-FWI。,作者摘要称比逐源FWI减少约一个数量级计算，较传统编码PSNR/SSIM提高2.9%/4.7%。,加速与质量数字依赖该实验设定；摘要未充分交代临床样本及跨阵列泛化。,比较随机编码、相位编码和结构化编码的关键近年论文。,primary_abstract,,https://doi.org/10.1121/10.0036366; https://pubmed.ncbi.nlm.nih.gov/40197542/; https://www.ebi.ac.uk/europepmc/webservices/rest/search?query=EXT_ID:40197542&format=json&resultType=core,核验作者原始摘要（出版社页面或PubMed/EuropePMC原文摘要）；非全文精读。最早公开日 2025-04-01；正式卷期 2025 Apr。
UFWI-002,,P1,A New Strategy to Overcome Cycle Skipping: Frequency-Difference Waveform Inversion,2024,,,Rehman Ali; Trevor Mitcham; Nebojsa Duric,True,SPIE Medical Imaging,10.1117/12.3006287,conference,published,medical_fwi,旧库深读; 目标函数与抗跳周期,以相近高频波形比值构造差频目标，为缺少低频的USCT提供初始化。,频率差分近似匹配滤波频谱导数；模型域和数据域FDWI；Helmholtz求解。,SPIE2024会议论文；数值和乳腺仿体对照。,比值病态及噪声敏感；伪低频并非严格满足差频Helmholtz物理；不是通用AWI等价定理。,保留原AWI/USCT知识链供新检索对照。,legacy_note,,https://doi.org/10.1117/12.3006287,创新/方法总结据旧笔记重新收敛表述；本轮未外部复核，不继承旧笔记的全球首创或超分辨绝对断言。；本地PDF前1–2页的首页题名/DOI已核对，未据此上调外部证据等级。
UFWI-082,,P1,Deep Learning With Physics-Embedded Neural Network for Full Waveform Ultrasonic Brain Imaging,2024,2024-06-03,,Jiahao Ren; Jian Li; Chang Liu; Shili Chen; Lin Liang; Yang Liu,True,IEEE Transactions on Medical Imaging,10.1109/tmi.2024.3363144,journal,published,medical_fwi,物理嵌入; 经颅; 脑成像; 学习式反演; 替代正演,把学习到的正演算子嵌入反演网络，三步迭代完成脑声速重建。,FCNN替代有限差分波场计算；ISNN由波场映射模型；三次展开。,数值与实验室测试；作者报告单横断面约1.13s。,摘要未证明活体完整颅骨脑成像；学习正演可能有域外误差；时延不含训练成本。,与纯PDE-FWI/低频补全做方法边界比较的代表。,primary_abstract,,https://doi.org/10.1109/tmi.2024.3363144; https://ieeexplore.ieee.org/document/10430092/; https://pubmed.ncbi.nlm.nih.gov/38329866/,检索核验日期2026-09-26。出版社online2024-02-08；正式卷43(6):2332–2346。
UFWI-064,,P1,Estimating Young's moduli based on ultrasound and full-waveform inversion,2024,2023-09-22,,Simon Schmid; Carmen Hachmann; Christian Boehm; Lion Krischer; Alexander Mendler; Jochen Kollofrath; Christian U Grosse,True,Ultrasonics,10.1016/j.ultras.2023.107165,journal,published,ndt_fwi,弹性; 材料表征; NDT; 最优传输,利用单次纵波探头测量中的模式转换联合估计P/S速度及Young模量。,激光测振确定空间激励；高保真弹性模拟；graph-optimal-transport失配。,六种金属试件，与人工拾取比较估计速度。,均匀试件参数识别为主，不等同异质二维/三维模量图像；仍需激励表征。,理解弹性模式转换何时提供新参数信息，避免把声学模型泛化到骨/固体。,primary_abstract,,https://doi.org/10.1016/j.ultras.2023.107165; https://pubmed.ncbi.nlm.nih.gov/37797446/; https://www.ebi.ac.uk/europepmc/webservices/rest/search?query=EXT_ID:37797446&format=json&resultType=core,核验作者原始摘要（出版社页面或PubMed/EuropePMC原文摘要）；非全文精读。最早公开日 2023-09-22；正式卷期 2024 Jan。
UFWI-004,,P1,Full Strata Seismic Waveform Inversion With Adaptive Iteration,2024,,,Wenge Liu; Qisong Mou; Gulan Zhang; Wenmao Tu; Haoze Qin,True,IEEE Transactions on Geoscience and Remote Sensing,10.1109/tgrs.2024.3394893,journal,published,geophysical_method,旧库深读; 目标函数与抗跳周期,通过自适应步长减少常规L2反演的额外线搜索正演。,Barzilai–Borwein型更新与L2梯度。,地震合成/实例，详情仍依赖旧笔记。,不是AWI目标函数变体；步长加速不能自动消除cycle-skipping。,保留原AWI/USCT知识链供新检索对照。,legacy_note,,https://doi.org/10.1109/TGRS.2024.3394893; https://doi.org/10.1109/tgrs.2024.3394893,创新/方法总结据旧笔记重新收敛表述；本轮未外部复核，不继承旧笔记的全球首创或超分辨绝对断言。；本地PDF前1–2页的首页题名/DOI已核对，未据此上调外部证据等级。
UFWI-084,,P1,Full waveform inversion using frequency shift envelope-based global correlation norm for ultrasound computed tomography,2024,2024-05-08,,Yun Wu; Weicheng Yan; Zhaohui Liu; Qiude Zhang; Liang Zhou; Junjie Song; Wu Qiu; Mingyue Ding; Ming Yuchi,True,Physics in Medicine & Biology,10.1088/1361-6560/ad3c8f,journal,published,medical_fwi,抗跳周期; 包络; 相关目标; 低频缺失; 目标函数,用低频人工源与频移包络全局相关目标扩大收敛范围。,FSEGCN；人工源波形；与FWI/EI/GCN/EGCN对照。,同心圆、头部、小腿仿体在缺低频条件下减少伪影。,人工源不增加测量信息；实际噪声/多路径适用性仍需更广评估。,研究稳健失配函数时可作超声特定基准。,primary_abstract,,https://doi.org/10.1088/1361-6560/ad3c8f; https://pubmed.ncbi.nlm.nih.gov/38593816/; https://www.ebi.ac.uk/europepmc/webservices/rest/search?query=EXT_ID:38593816&format=json&resultType=core,核验作者原始摘要（出版社页面或PubMed/EuropePMC原文摘要）；非全文精读。最早公开日 2024-05-08；正式卷期 2024 May。
UFWI-018,,P1,Learned Full Waveform Inversion Incorporating Task Information for Ultrasound Computed Tomography,2024,2024-01-09,,Luke Lozenski; Hanchen Wang; Fu Li; Mark Anastasio; Brendt Wohlberg; Youzuo Lin; Umberto Villa,True,IEEE Transactions on Computational Imaging,10.1109/tci.2024.3351529,journal,published,medical_fwi,旧库深读; 医学FWI; 三维加速专题; C; 学习式反演; 任务驱动评价; 乳腺,把病灶检测相关损失加入波形到声速CNN，而非仅追求像素误差。,InversionNet；监督训练；任务损失；随机/可学习源编码减少通道。,真实解剖统计生成的数值乳腺模型；41个保留测试模型；RMSE/SSIM及DICE。,仅仿真；端到端学习逆映射与逐次PDE迭代FWI不同；域外泛化需实测。,提醒阅读排序要兼顾任务指标，不能只比较视觉或PSNR。,primary_abstract,,https://doi.org/10.1109/tci.2024.3351529; https://doi.org/10.1109/TCI.2024.3351529; https://pmc.ncbi.nlm.nih.gov/articles/PMC11343509/; https://profiles.wustl.edu/en/publications/learned-full-waveform-inversion-incorporating-task-information-fo/; https://arxiv.org/abs/2308.16290,检索核验日期2026-09-26。预印本2023；正式2024卷10:69–82。
UFWI-015,,P1,3D full-waveform inversion in ultrasound computed tomography employing a ring-array,2023,,,Fu Li; Umberto Villa; Nebojsa Duric; Mark A. Anastasio,True,SPIE Medical Imaging,10.1117/12.2654406,conference,published,medical_fwi,旧库深读; 医学FWI,在平移单环阵中显式纳入三维传播和仰角聚焦。,时域3D FWI、源编码、粗到细网格、多GPU域分解。,SPIE2023、真实解剖形状数值乳腺仿体。,与同团队TUFFC2023及JASA摘要为相近研究链，不独立累计三份实验证据。,保留原AWI/USCT知识链供新检索对照。,legacy_note,,https://doi.org/10.1117/12.2654406,创新/方法总结据旧笔记重新收敛表述；本轮未外部复核，不继承旧笔记的全球首创或超分辨绝对断言。；本地PDF前1–2页的首页题名/DOI已核对，未据此上调外部证据等级。
UFWI-061,,P1,Application of full waveform inversion algorithm in Laplace-Fourier domain for high-contrast ultrasonic bone quantitative imaging,2023,2023-02-04,,Meng Suo; Dong Zhang; Haiqi Yang; Yan Yang,True,Computer Methods and Programs in Biomedicine,10.1016/j.cmpb.2023.107404,journal,published,medical_fwi,骨成像; 抗跳周期; 骨; Laplace-Fourier; 多参数,用Laplace-Fourier域降低高声速骨反演的局部极小敏感性。,阻尼频域FWI；声速/密度重建；声学与黏弹性生成数据对照。,基于鼠骨Micro-CT的数值模型：声学MRE<2%，黏弹性MRE<4%。,核心证据是数值实验，Micro-CT真值不等于实际超声测量验证。,适合高对比骨及低频缺失问题，但需检验真实弹性失配。,primary_abstract,,https://doi.org/10.1016/j.cmpb.2023.107404; https://pubmed.ncbi.nlm.nih.gov/36758266/; https://www.ebi.ac.uk/europepmc/webservices/rest/search?query=EXT_ID:36758266&format=json&resultType=core,核验作者原始摘要（出版社页面或PubMed/EuropePMC原文摘要）；非全文精读。最早公开日 2023-02-04；正式卷期 2023 Apr。
UFWI-090,,P1,"Comment on ‘Geophysical inversion and optimal transport’ by M. Sambridge, A. Jackson and A. P. Valentine",2023,,,Tomohisa Okazaki; Naonori Ueda,True,Geophysical Journal International,10.1093/gji/ggad001,journal,published,geophysical_method,最优传输; 局限性分析,给出边缘分布相同但原波形不同的反例，提出sliced Wasserstein修正方向。,分析二维分布边缘化的信息损失，用多角度投影保留更多几何信息。,解析/合成反例；属于评论文章而非新临床反演算法。,修正仍需要权衡投影数、成本和稳健性；应对照作者回复。,设计新的AWI/OT目标时，必须检查目标为零是否意味着数据等价。,primary_abstract,,https://academic.oup.com/gji/article/233/2/1484/6972368; https://doi.org/10.1093/gji/ggad001,文章类型：正式期刊Comment。
UFWI-108,,P1,Full waveform inversion guided wave tomography with a recurrent neural network,2023,2023-05-14,,Zijian Wang; Jingyi Xiao; Dan Li; Boyi Li; JianQiu Zhang; Dean Ta,True,Ultrasonics,10.1016/j.ultras.2023.107043,journal,published,ndt_fwi,NDT; 导波; 自动微分; 最优传输,把声学传播写为循环计算图，并结合W2和DIP改善导波厚度反演。,RNN正演；自动微分；Adam；U-Net deep image prior；色散转换厚度。,数值及实测优于常规时域FWI的收敛、初模和鲁棒性。,RNN在此主要实现PDE迭代，不宜误称完全学习的无模型反演；各组件贡献需消融。,研究DIP、优化器与损失函数复合方法时很值得读。,primary_abstract,,https://doi.org/10.1016/j.ultras.2023.107043; https://pubmed.ncbi.nlm.nih.gov/37216858/; https://www.ebi.ac.uk/europepmc/webservices/rest/search?query=EXT_ID:37216858&format=json&resultType=core,核验作者原始摘要（出版社页面或PubMed/EuropePMC原文摘要）；非全文精读。最早公开日 2023-05-14；正式卷期 2023 Aug。
UFWI-038,,P1,Full-Waveform Inversion for Breast Ultrasound Tomography Using Line-Shape Modeled Elements,2023,2023-02-01,,Yu Yuan; Yue Zhao; Nuomin Zhang; Yang Xiao; Jing Jin; Naizhang Feng; Yi Shen,True,Ultrasound in Medicine & Biology,10.1016/j.ultrasmedbio.2022.12.004,journal,published,medical_fwi,三维加速专题; D/C；2D simulation 与 physical experiment。; 换能器模型; 二维; 实验,用带限线段模型表示阵元截面，抑制简单离散点源的阶梯伪影。,Fourier collocation；阵元空间分布与带限delta卷积；收发加权。,数字和物理实验改善RMSE/SSIM及收敛。,明确二维，未考虑面外传播；不能替代三维源响应。,与吴小晴2023源校准和Li2023俯仰模型形成完整比较。,primary_abstract,,https://doi.org/10.1016/j.ultrasmedbio.2022.12.004; https://pubmed.ncbi.nlm.nih.gov/36737306/; https://www.ebi.ac.uk/europepmc/webservices/rest/search?query=EXT_ID:36737306&format=json&resultType=core,核验作者原始摘要（出版社页面或PubMed/EuropePMC原文摘要）；非全文精读。最早公开日 2023-02-01；正式卷期 2023 May。
UFWI-016,,P1,Three-dimensional time-domain full-waveform inversion for ring-array-based ultrasound computed tomography,2023,,,Fu Li; Umberto Villa; Nebojsa Duric; Mark Anastasio,True,"J. Acoust. Soc. Am. 153, A353 (2023) — meeting abstract / DOI: 10.1121/10.0019132",10.1121/10.0019132,conference,published,medical_fwi,旧库深读; 医学FWI,会议摘要介绍环阵三维时域反演以减轻逐层2D面外伪影。,纳入3D波传播和仰角聚焦；摘要未给完整实现。,JASA会议摘要。,仅摘要，不能补填频带、计算量和定量性能。,保留原AWI/USCT知识链供新检索对照。,legacy_note,,https://doi.org/10.1121/10.0019132,创新/方法总结据旧笔记重新收敛表述；本轮未外部复核，不继承旧笔记的全球首创或超分辨绝对断言。；本地PDF前1–2页的首页题名/DOI已核对，未据此上调外部证据等级。
UFWI-095,,P1,Wave-based inversion at scale on GPUs with randomized trace estimation,2023,,,Mathias Louboutin; Felix J. Herrmann,True,Geophysical Prospecting,10.1111/1365-2478.13405,journal,published,geophysical_method,计算加速; 随机梯度; 三维; 开源,用随机迹估计压缩伴随成像条件所需的正向波场时间历史。,随机探针累计、近似梯度、GPU实现；与源编码减少炮数是不同层面。,声学二维/三维FWI与TTI成像；作者提供TimeProbeSeismic.jl实现。,近似梯度有方差；须比较同精度总成本和收敛，不是无损替代。,三维超声显存受限时可研究，先量化随机误差及含衰减条件。,primary_abstract,,https://slim.gatech.edu/node/7269; https://slim.gatech.edu/Publications/Public/Journals/GeophysicalProspecting/2023/louboutin2023rte/paper.html; https://doi.org/10.1111/1365-2478.13405,本轮核验；创新为文献贡献概括，迁移价值/局限含本库评估，不是全球首创证明。
UFWI-151,,P1,open-UST: An Open-Source Ultrasound Tomography Transducer Array System,2023,2023-06-29,,Morgan Roberts; Eleanor Martin; Michael D Brown; Ben T Cox; Bradley E Treeby,True,"IEEE Transactions on Ultrasonics, Ferroelectrics, and Frequency Control (TUFFC)",10.1109/tuffc.2023.3280635,journal,published,adjacent_ultrasound,开源硬件; 环阵; 复现; 系统,给出可快速原型制造的开源256元环阵，降低USCT实验门槛。,制造及匹配层设计；水听器/watershot校验；阵元一致性评价。,原文报告约£2k制作、61.2dB SNR、54%收发带宽及仿体重建。,成本是发表时项目材料制造语境，不是当前完整系统报价；不是新FWI算法。,高复现价值实验基础设施，适合构建真实数据基准。,primary_abstract,,https://doi.org/10.1109/tuffc.2023.3280635; https://pubmed.ncbi.nlm.nih.gov/37256814/; https://www.ebi.ac.uk/europepmc/webservices/rest/search?query=EXT_ID:37256814&format=json&resultType=core,仅核验EuropePMC缓存中完整作者摘要和书目；未全文精读。最早公开2023-06-29；卷期2023 Jul。
UFWI-126,,P1,Design and Construction of a Low-Frequency Ultrasound Acquisition Device for 2-D Brain Imaging Using Full-Waveform Inversion,2022,2022-07-25,,Javier Cudeiro-Blanco; Carlos Cueto; Oscar Bates; George Strong; Tom Robins; Matthieu Toulemonde; Mike Warner; Meng-Xing Tang; Meng-Xing Tang; Oscar Calderón Agudo; Lluis Guasch,True,Ultrasound in Medicine & Biology,10.1016/j.ultrasmedbio.2022.05.023,journal,published,medical_fwi,低频硬件; 脑成像; 实测体模,把低频阵元选择、环阵与旋转采样设计落到可运行的经颅类成像原型。,40阵元环阵；10mm换能器；约500kHz中心频率；旋转增加采样密度；FWI。,数值设计与2.5-D脑/仿颅骨物理体模实测，毫米级结构重建。,2.5-D挤出体模有意消除面外效应；不是完整三维活体脑验证。,直观说明低频覆盖、采样密度和AWI/FWI成功的工程前提。,primary_fulltext,,https://www.umbjournal.org/article/S0301-5629%2822%2900410-0/fulltext; https://pubmed.ncbi.nlm.nih.gov/35902276/,检索核验日期2026-09-26。online2022-07-25；2022-10卷48(10)。
UFWI-089,,P1,Geophysical inversion and optimal transport,2022,,,Malcolm Sambridge; Andrew Jackson; Andrew P Valentine,True,Geophysical Journal International,10.1093/gji/ggac151,journal,published,geophysical_method,最优传输; 目标函数; 可微优化,将振荡信号转换为合规概率分布，构造可微的OT波形失配。,时间—振幅平面距离场及概率变换；边缘分布距离用于梯度优化。,合成波形和震源反演实例。,边缘化可丢失联合信息；必须连同2023 Comment阅读，不能仅凭较凸曲线宣称唯一性。,帮助设计超声OT正负信号处理和归一化，尤其注意变换引入的盲点。,primary_abstract,,https://doi.org/10.1093/gji/ggac151; https://api.crossref.org/works/10.1093/gji/ggac151,本轮核验；创新为文献贡献概括，迁移价值/局限含本库评估，不是全球首创证明。
UFWI-096,,P1,Lossy checkpoint compression in full waveform inversion: a case study with ZFPv0.5.5 and the overthrust model,2022,,,Navjot Kukreja; Jan Hückelheim; Mathias Louboutin; John Washbourne; Paul H. J. Kelly; Gerard J. Gorman,True,Geoscientific Model Development,10.5194/gmd-15-3815-2022,journal,published,geophysical_method,计算加速; 三维; 波场压缩; 开源,将checkpoint重计算与受控有损压缩结合，联合权衡显存、误差及运行时间。,ZFP压缩+checkpointing；量化梯度/模型误差与重计算成本。,Overthrust地震FWI数值案例；论文及代码入口公开。,压缩容差依赖波场动态范围；不能以压缩比替代成像质量验证。,为三维超声保存波场提供可复现工程路线，需对含骨/衰减波场重新设容差。,primary_abstract,,https://gmd.copernicus.org/articles/15/3815/2022/gmd-15-3815-2022.html; https://doi.org/10.5194/gmd-15-3815-2022,本轮核验；创新为文献贡献概括，迁移价值/局限含本库评估，不是全球首创证明。
UFWI-111,,P1,Modeling the Effect of Anisotropy in Ultrasonic-Guided Wave Tomography,2022,2021-12-31,,Madis Ratassepp; Jing Rao; Xudong Yu; Zheng Fan,True,"IEEE Transactions on Ultrasonics, Ferroelectrics, and Frequency Control (TUFFC)",10.1109/tuffc.2021.3114432,journal,published,ndt_fwi,NDT; 导波; 各向异性,建立近似各向异性声学正演供导波FWI反演缺陷速度。,各向异性参数；A0导波；速度场反演。,多层复合板圆形刚度降低缺陷实测验证。,要求缺陷与周围板的各向异性结构相似时表现较好，非任意各向异性。,是2025弯管FWI的关键前置方法。,primary_abstract,,https://doi.org/10.1109/tuffc.2021.3114432; https://pubmed.ncbi.nlm.nih.gov/34550883/; https://www.ebi.ac.uk/europepmc/webservices/rest/search?query=EXT_ID:34550883&format=json&resultType=core,核验作者原始摘要（出版社页面或PubMed/EuropePMC原文摘要）；非全文精读。最早公开日 2021-12-31；正式卷期 2022 Jan。
UFWI-087,,P1,Robust full-waveform inversion with graph-space optimal transport: Application to 3D ocean-bottom cable Valhall data,2022,,,Arnaud Pladys; Romain Brossier; Nishant Kamath; Ludovic Métivier,True,Geophysics,10.1190/geo2021-0268.1,journal,published,geophysical_method,抗周跳; 最优传输; 三维; 实测验证,将graph-space OT抗周跳能力推进到三维Valhall海底电缆实测。,时间—振幅图空间匹配；与L2在层析初模和粗略一维初模下比较。,三维OBC野外数据，粗一维初模下恢复约2 km内速度。,地震采集和波型与环阵超声不同；更稳健不等于无需物理标定或保证全局最优。,为超声GSOT提供比纯合成更强的算法证据，需重新验证频段与多路径效应。,primary_abstract,,https://doi.org/10.1190/geo2021-0268.1; https://api.crossref.org/works/10.1190/geo2021-0268.1,本轮核验；创新为文献贡献概括，迁移价值/局限含本库评估，不是全球首创证明。
UFWI-041,,P1,Stride: A flexible software platform for high-performance ultrasound computed tomography,2022,2022-05-04,,Carlos Cueto; Oscar Bates; George Strong; Javier Cudeiro; Fabio Luporini; Òscar Calderón Agudo; Gerard Gorman; Lluis Guasch; Meng-Xing Tang; Meng-Xing Tang,True,Computer Methods and Programs in Biomedicine,10.1016/j.cmpb.2022.106855,journal,published,medical_fwi,三维加速专题; D；2D/3D USCT software platform。; 开源软件; 高性能计算; 三维,将超声优化问题高层接口、自动生成PDE求解器和集群并行统一成开源平台。,Python接口；Devito波场求解；Mosaic分布式并行。,解析解、颅骨模型对照；二维/三维数值及实验示例与并行扩展测试。,软件能力展示不等于临床有效性；默认物理模型范围要逐项检查。,最值得用于复现Imperial方法和检查forward/adjoint实现的入口。,primary_abstract,,https://doi.org/10.1016/j.cmpb.2022.106855; https://arxiv.org/abs/2110.03345; https://pubmed.ncbi.nlm.nih.gov/35588663/; https://github.com/trustimaging/stride,检索核验日期2026-09-26。正式2022-05-04，卷221。存在2023 corrigendum doi10.1016/j.cmpb.2023.107710，应与原文一起查阅。
UFWI-107,,P1,Transcranial Ultrasound Imaging With Decomposition Descent Learning-Based Full Waveform Inversion,2022,2022-11-24,,Junkai Tong; Xiaocen Wang; Jiahao Ren; Min Lin; Jian Li; He Sun; Feng Yin; Lin Liang; Yang Liu,True,"IEEE Transactions on Ultrasonics, Ferroelectrics, and Frequency Control (TUFFC)",10.1109/tuffc.2022.3217512,journal,published,medical_fwi,深度学习; 经颅; 加速,以线性残差分解降低学习下降方向反演的计算负担。,DDL-FWI；residual decomposition；fast inversion tomography。,模拟与实验；二维约11.20s，报告三维血块分辨尺度18mm。,18mm不应误读为亚毫米；训练泛化与人体在体验证尚需查全文。,国内TUFFC经颅学习反演重要路线，注意速度和真实空间分辨率的权衡。,primary_abstract,,https://doi.org/10.1109/tuffc.2022.3217512; https://pubmed.ncbi.nlm.nih.gov/36288231/; https://www.ebi.ac.uk/europepmc/webservices/rest/search?query=EXT_ID:36288231&format=json&resultType=core,核验作者原始摘要（出版社页面或PubMed/EuropePMC原文摘要）；非全文精读。最早公开日 2022-11-24；正式卷期 2022 Dec。
UFWI-074,,P1,Deep-Learning-Driven Full-Waveform Inversion for Ultrasound Breast Imaging,2021,2021-07-03,,Thomas Robins; Jorge Camacho; Oscar Calderon Agudo; Joaquin L Herraiz; Lluís Guasch,True,Sensors,10.3390/s21134570,journal,published,medical_fwi,低频外推; 深度学习; Imperial; 低频补全; 乳腺; 实测体模,用学习外推缺失低频，改善窄带超声数据引发的FWI初值问题。,U-Net CNN从窄带RF数据预测低频，再交给多尺度FWI。,MUST2019数值数据及CIRS物理乳腺体模，含CT参照。,网络外推依赖训练分布；恢复低频的可信度与真实测量频率不同。,与AWI/FDWI比较时需区分数据外推与目标函数修改。,primary_fulltext,,https://doi.org/10.3390/s21134570; https://pmc.ncbi.nlm.nih.gov/articles/PMC8272012/,检索核验日期2026-09-26。正式2021-07-03。
UFWI-036,,P1,Spatial Response Identification for Flexible and Accurate Ultrasound Transducer Calibration and its Application to Brain Imaging,2021,2020-12-23,,Carlos Cueto; Javier Cudeiro; Oscar Calderon Agudo; Lluis Guasch; Meng-Xing Tang; Meng-Xing Tang,True,"IEEE Transactions on Ultrasonics, Ferroelectrics, and Frequency Control (TUFFC)",10.1109/tuffc.2020.3015583,journal,published,medical_fwi,三维加速专题; D；3D transducer operator/calibration; 传感器校准; 脑成像; 物理建模,SRI将换能器建模为具有空间异质性的线性时不变系统，突破单一点源脉冲响应表征。,受全波方程约束的换能器响应参数反演，离散化和参数数目可灵活选择。,发射/接收校准有实测；脑FWI重建效果为数值实验。,脑成像本身并非活体验证；模型需校准数据，仍有建模误差。,若实测FWI不收敛，校准误差可能比目标函数改进更关键。,primary_abstract,,https://doi.org/10.1109/TUFFC.2020.3015583; https://pubmed.ncbi.nlm.nih.gov/32776878/; https://doi.org/10.1109/tuffc.2020.3015583; https://www.imperial.ac.uk/earth-science/research/research-groups/transmission-and-reflection-ultrasound-tomography-trust/publications/,检索核验日期2026-09-26。2020 online DOI，2021正式卷68(1):143–153。
UFWI-110,,P1,Ultrasonic Imaging of High-contrasted Objects Based on Full-waveform Inversion: Limits under Fluid Modeling,2021,2021-03-01,,Luis Espinosa; Elise Doveri; Simon Bernard; Vadim Monteiller; Régine Guillermin; Philippe Lasaygues,True,Ultrasonic Imaging,10.1177/0161734621990011,journal,published,medical_fwi,骨; 建模误差; 实验,通过高阻抗目标实测检验流体近似FWI的适用边界。,不同剪切波衰减材料；声学全波形重建；声速误差比较。,高对比度实验目标的重建精度分析。,作者明确未来应包括黏弹性；声学成功不自动推广到任意硬组织。,高优先级方法边界阅读，防止仅在声学仿真上乐观评价骨FWI。,primary_abstract,,https://doi.org/10.1177/0161734621990011; https://pubmed.ncbi.nlm.nih.gov/33563137/; https://www.ebi.ac.uk/europepmc/webservices/rest/search?query=EXT_ID:33563137&format=json&resultType=core,核验作者原始摘要（出版社页面或PubMed/EuropePMC原文摘要）；非全文精读。最早公开日 2021-03-01；正式卷期 2021 Mar。
UFWI-017,,P1,Full wave 3D inverse scattering transmission ultrasound tomography in the presence of high contrast,2020,,,James Wiskin; Bilal Malik; David Borup; Nasser Pirshafiey; John Klock,True,Scientific Reports,10.1038/s41598-020-76754-3,journal,published,medical_fwi,旧库深读; 医学FWI; 三维; 骨周组织; 实测; 近轴近似,把三维传输逆散射推进至含骨高对比区域周边软组织的定量成像。,2048阵元冗余三维采集；频域近轴近似、校准、非线性波场拟合；融合折射校正反射成像。,实验实测，展示骨周软组织和关节结构。,作者明确不主张准确恢复骨声速；近轴近似范围有限；不能等同完整弹性三维FWI。,对照Imperial全波方程路线，理解实测效率与物理近似取舍。,primary_fulltext,,https://doi.org/10.1038/s41598-020-76754-3; https://pmc.ncbi.nlm.nih.gov/articles/PMC7677558/; https://www.nature.com/articles/s41598-020-76754-3,检索核验日期2026-09-26。正式2020-11-19；已读Abstract/Methods/Discussion。
UFWI-123,,P1,Multi-parameter reconstruction of velocity and density using ultrasonic tomography based on full waveform inversion,2020,,,Jing Rao; Jizhong Yang; Madis Ratassepp; Zheng Fan,True,Ultrasonics,10.1016/j.ultras.2019.106004,journal,published,ndt_fwi,多参数; Hessian; NDT,用近似逆Hessian处理速度和密度振幅尺度差异及串扰。,truncated Gauss–Newton；matrix-free共轭梯度解正规方程；频域二维声学FWI。,金属夹杂数值与实验验证，可同时恢复速度和密度。,Gauss–Newton近似不含完整多重散射Hessian项；范围限已测试金属几何。,多参数反演的必要比较基准，比只改损失更直接针对串扰。,primary_abstract,,https://www.sciencedirect.com/science/article/pii/S0041624X19301398; https://doi.org/10.1016/j.ultras.2019.106004,online2019，正式2020；原刊摘要/方法片段及PubMed31557647核验。
UFWI-027,,P1,Source encoding for viscoacoustic ultrasound computed tomography,2020,,,Etienne Bachmann; Jeroen Tromp,True,The Journal of the Acoustical Society of America,10.1121/10.0001191,journal,published,medical_fwi,三维加速专题; A; 源编码; 衰减; 三维; 黏声; 计算加速,用不同正交频率编码各源，抑制交叉串扰，使梯度只需两次超级波场计算。,显式时域正演；正交频率source encoding；double-difference消除源时间函数先验需求。,作者摘要给三维计算演示和分钟级可行性；未在所读摘要确认独立实测/临床病例。,硬件、介质、频率选择会限制效率外推；不应把摘要计算时长写成通用临床耗时。,与随机源编码和延迟源编码对比非常有价值。,primary_abstract,,https://doi.org/10.1121/10.0001191; https://pubmed.ncbi.nlm.nih.gov/32486789/,检索核验日期2026-09-26。正式2020-05卷147(5):3221–3235。
UFWI-003,,P1,Adaptive traveltime inversion,2019,,,Bingbing Sun; Tariq Alkhalifah,True,Geophysics,10.1190/geo2018-0595.1,journal,published,geophysical_method,旧库深读; 目标函数与抗跳周期,以匹配滤波分布的第一矩构造走时差，连接ATI、AWI与统计矩族。,平方匹配滤波归一化；第一矩走时差的平方；伴随梯度。,合成模型与海洋地震数据，见旧单篇笔记。,AWI对应关于零点的二阶原点矩，并非一般情况下的方差；多到时和噪声仍需控制。,保留原AWI/USCT知识链供新检索对照。,legacy_note,,https://doi.org/10.1190/GEO2018-0595.1; https://doi.org/10.1190/geo2018-0595.1,创新/方法总结据旧笔记重新收敛表述；本轮未外部复核，不继承旧笔记的全球首创或超分辨绝对断言。；本地PDF前1–2页的首页题名/DOI已核对，未据此上调外部证据等级。
UFWI-006,,P1,Adaptive waveform inversion: Practice,2019,,,Lluís Guasch; Michael Warner; Céline Ravaut,True,Geophysics,10.1190/geo2018-0377.1,journal,published,geophysical_method,旧库深读; 目标函数与抗跳周期; AWI; 实测验证; 三维; 奠基,把AWI从理论推进到三维海上实测，并用迁移/RMO作独立检验。,从好层析初模和简单一维初模、不同起频比较AWI/FWI。,北海气云三维OBC数据和迁移质量验证。,初模鲁棒性不等于自动处理衰减/各向异性；新目标也可能产生采集脚印及优化困难。,设计独立于训练misfit的质量指标；避免误把损失下降当成正确成像。,primary_abstract,,https://doi.org/10.1190/geo2018-0377.1; https://www.s-cube.com/media/1909/geo2018-03771.pdf; https://api.crossref.org/works/10.1190/geo2018-0377.1,本轮核验；创新为文献贡献概括，迁移价值/局限含本库评估，不是全球首创证明。
UFWI-093,,P1,Improving full-waveform inversion by wavefield reconstruction with the alternating direction method of multipliers,2019,,,Hossein S. Aghamiry; Ali Gholami; Stéphane Operto,True,Geophysics,10.1190/geo2018-0093.1,journal,published,geophysical_method,扩展反演; WRI; 抗周跳,用增广拉格朗日和交替方向修正WRI惩罚参数难调与病态问题。,IR-WRI：交替重建波场和模型，迭代累积数据及波动方程残差。,透射小试验、Marmousi II和BP盐模型；粗初模与3Hz起频。,放宽约束增加变量/线性系统成本，不应称天然加速；必须检查最终PDE一致性。,缺低频与强对比USCT的备选框架，先与更便宜目标修改比较。,primary_abstract,,https://arxiv.org/abs/1809.00891; https://api.crossref.org/works/10.1190/geo2018-0093.1; https://doi.org/10.1190/geo2018-0093.1,本轮核验；创新为文献贡献概括，迁移价值/局限含本库评估，不是全球首创证明。
UFWI-012,,P1,Retrieving Low-Wavenumber Information in FWI: An Efficient Solution for Cycle Skipping,2019,,,Guanchao Wang; Sanyi Yuan; Shangxu Wang,True,IEEE Geoscience and Remote Sensing Letters,10.1109/lgrs.2019.2892998,journal,published,geophysical_method,旧库深读; 比较与低频恢复,借助角差恒等式从高频数据产生低波数更新信息。,Hilbert变换、振幅乘积/人工低频、幅度无关互相关目标。,SEG/EAGE盐模型合成。,人工低频依赖近似，不等价补回真实观测低频。,保留原AWI/USCT知识链供新检索对照。,legacy_note,,https://doi.org/10.1109/lgrs.2019.2892998,创新/方法总结据旧笔记重新收敛表述；本轮未外部复核，不继承旧笔记的全球首创或超分辨绝对断言。；本地PDF前1–2页的首页题名/DOI已核对，未据此上调外部证据等级。
UFWI-009,,P1,The application of an optimal transport to a preconditioned data matching function for robust waveform inversion,2019,,,Bingbing Sun; Tariq Alkhalifah,True,Geophysics,10.1190/geo2018-0413.1,journal,published,geophysical_method,旧库深读; 目标函数与抗跳周期,将最优传输施加于预条件匹配滤波而非原始有符号波形。,Wiener解卷积；滤波器平方与质量归一化；Wasserstein距离到目标脉冲。,历史笔记中的地震合成算例；书目DOI已核对，内容结论尚未重新核验。,稳定化、归一化和带限影响不能忽略；不由此推出超分辨。,保留原AWI/USCT知识链供新检索对照。,legacy_note,,https://api.crossref.org/works/10.1190/geo2018-0413.1; https://doi.org/10.1190/geo2018-0413.1,创新/方法总结据旧笔记重新收敛表述；本轮未外部复核，不继承旧笔记的全球首创或超分辨绝对断言。；本地PDF前1–2页的首页题名/DOI已核对，未据此上调外部证据等级。 本轮已用Crossref出版社注册书目补核DOI/卷期年/作者；内容层级仍为旧笔记。
UFWI-005,,P1,Automated Salt-Model Building Using Constrained FWI,2018,,,L. Guasch; T. Lin; F. Herrmann; M. Warner,True,"80th EAGE Conference & Exhibition 2018, Extended Abstract We A12 07",10.3997/2214-4609.201801034,conference,published,geophysical_method,旧库深读; 目标函数与抗跳周期,联合AWI与结构约束自动恢复复杂盐体。,AWI；TV和非对称TV约束；随迭代放松约束。,EAGE2018扩展摘要、3D SEAM合成。,文件名2023.pdf不是发表年份；会议扩展摘要不当作完整期刊证据。,保留原AWI/USCT知识链供新检索对照。,legacy_note,,https://api.crossref.org/works/10.3997/2214-4609.201801034; https://doi.org/10.3997/2214-4609.201801034,创新/方法总结据旧笔记重新收敛表述；本轮未外部复核，不继承旧笔记的全球首创或超分辨绝对断言。；本地PDF前1–2页的首页题名/DOI已核对，未据此上调外部证据等级。 本轮已用Crossref出版社注册书目补核DOI/卷期年/作者；内容层级仍为旧笔记。
UFWI-028,,P1,3-D Nonlinear Acoustic Inverse Scattering: Algorithm and Quantitative Results,2017,,,J. W. Wiskin; D. T. Borup; E. Iuanow; J. Klock; Mark W. Lenox,True,"IEEE Transactions on Ultrasonics, Ferroelectrics, and Frequency Control (TUFFC)",10.1109/tuffc.2017.2706189,journal,published,medical_fwi,三维加速专题; A,旧专题归纳：8×192 接收阵列，360° 旋转、约 1° 间隔，垂直步距约 2 mm；使用 3D phase-screen/Fourier split-step 的 paraxial forward/adjoint，nonlinear CG 和 0.3–1.3 MHz frequency continuation，TOF 初模。,8×192 接收阵列，360° 旋转、约 1° 间隔，垂直步距约 2 mm；使用 3D phase-screen/Fourier split-step 的 paraxial forward/adjoint，nonlinear CG 和 0.3–1.3 MHz frequency continuation，TOF 初模。,六个圆柱体平均相对声速误差的绝对值约 0.22%；实验估计 intrinsic resolution 约 1.414 mm。论文没有给出可核验的实测重建运行时间。,paraxial approximation 对大角度散射和 backscatter 不准确；这一路线属于成熟 prior art，不能把 split-step/Green propagation 本身当新颖点。,说明“近似 3D forward + 频率递进”可在真实大体积数据上形成定量结果；如果目标是先改善 z 连续性，可以把 paraxial/phase-screen 作为低成本 3D baseline，而不是一开始就全带宽精确 FDTD。,legacy_note,,https://doi.org/10.1109/TUFFC.2017.2706189; https://pmc.ncbi.nlm.nih.gov/articles/PMC6214813/; https://doi.org/10.1109/tuffc.2017.2706189,沿用2026-08-29专题笔记；本轮未逐条重新打开外部来源，旧primary级别不继承。；本地PDF前1–2页的首页题名/DOI已核对，未据此上调外部证据等级。；旧专题将E. Iuanow扩写为Eric，首页不足以支持，现保留E. Iuanow。
UFWI-073,,P1,Time domain reconstruction of sound speed and attenuation in ultrasound computed tomography using full wave inversion,2017,,,M Pérez-Liva; J L Herraiz; J M Udías; E Miller; B T Cox; B E Treeby,True,The Journal of the Acoustical Society of America,10.1121/1.4976688,journal,published,medical_fwi,声速衰减; 多参数; 奠基; 时域FWI; 乳腺,在同一时域框架联合恢复声速和声衰减，而非分别依赖时域/频域方法。,fractional Laplacian波动方程；伴随场；梯度下降；CUDA k-Wave。,带噪数值乳腺体模，报告声速及衰减误差。,仿真验证；参数串扰和实测衰减校准仍需后续研究。,多参数FWI及黏声正演的基础参考。,primary_abstract,,https://doi.org/10.1121/1.4976688; https://discovery.ucl.ac.uk/id/eprint/1550376/,检索核验日期2026-09-26。正式2017-03-08。
UFWI-010,,P1,Adaptive waveform inversion: Theory,2016,,,Michael Warner; Lluís Guasch,True,Geophysics,10.1190/geo2015-0387.1,journal,published,geophysical_method,旧库深读; 目标函数与抗跳周期; AWI; 奠基; 抗周跳,把波形直接相减转为驱动匹配Wiener滤波器聚集于零时延。,归一化滤波器时延惩罚、伴随梯度；从较差初模出发反演。,理论与合成例；其鲁棒性结论须连同后续多到时失效研究理解。,不构成对任意实际数据免疫周跳或普遍超分辨的证明。,AWI理论根文献；应在LAWI和FDWI之前建立公式与归一化约定。,primary_abstract,,https://doi.org/10.1190/GEO2015-0387.1; https://doi.org/10.1190/geo2015-0387.1; https://api.crossref.org/works/10.1190/geo2015-0387.1,本轮核验；创新为文献贡献概括，迁移价值/局限含本库评估，不是全球首创证明。
UFWI-001,,P1,Building good starting models for full-waveform inversion using adaptive matching filtering misfit,2016,,,Hejun Zhu; Sergey Fomel,True,Geophysics,10.1190/geo2015-0596.1,journal,published,geophysical_method,旧库深读; 目标函数与抗跳周期,用随时间变化的stretch匹配滤波构造良好FWI初始模型。,非平稳自适应匹配滤波；stretch变量gamma；shaping regularization；AMF→L2。,2D声学合成Marmousi/井间模型。,依赖正则化及传播事件，非直接医学验证。,保留原AWI/USCT知识链供新检索对照。,legacy_note,,https://doi.org/10.1190/GEO2015-0596.1; https://doi.org/10.1190/geo2015-0596.1,创新/方法总结据旧笔记重新收敛表述；本轮未外部复核，不继承旧笔记的全球首创或超分辨绝对断言。；本地PDF前1–2页的首页题名/DOI已核对，未据此上调外部证据等级。
UFWI-030,,P1,Waveform inversion with source encoding for breast sound speed reconstruction in ultrasound computed tomography,2015,,,Kun Wang; Thomas Matthews; Fatima Anis; Cuiping Li; Neb Duric; Mark A. Anastasio,True,"IEEE Transactions on Ultrasonics, Ferroelectrics, and Frequency Control (TUFFC)",10.1109/tuffc.2014.006788,journal,published,medical_fwi,三维加速专题; C; 奠基文献; 源编码; 随机优化,将逐源波形拟合重写为随机编码期望，保留波动信息同时减少正演次数。,WISE；Rademacher随机源编码；随机梯度；GPU k-space时域求解。,仿真及乳腺仿体实测；本文GPU实现由周量级降至小时量级。,二维及建模误差仍在；单轮正演次数需包含线搜索，不能简单说总共只算两次。,源编码主线的奠基必读，供2025涡旋和2026频域编码溯源。,primary_fulltext,,https://doi.org/10.1109/TUFFC.2014.006788; https://pmc.ncbi.nlm.nih.gov/articles/PMC5087608/; https://doi.org/10.1109/tuffc.2014.006788,主时间窗外奠基文献；读取作者稿方法和结论部分。
UFWI-024,,P2,3D Large-Scale Subwavelength-Resolution Sound Sheet Tomography Based on an Active and Programmable Circular Meta-Array,2026,,,Qiu-De Zhang,True,Advanced Science,10.1002/advs.202520560,journal,published,adjacent_ultrasound,系统硬件; 相邻超声; 在体演示,通过主动圆形meta-array与柱面声透镜实现大视场声片层析。,2048通道、全矩阵采集、DMAS波束合成、逐层扫描三维堆叠。,旧知识库及本地正式PDF首页；人体/实验演示，方法细节见原笔记。,并非FWI；硬件/反射成像分辨率不能移作FWI定量声速分辨率。,USCT应用和采集系统背景。,legacy_note,,https://doi.org/10.1002/advs.202520560,作者只列可靠首作者；完整作者请以正式文献为准。；本地PDF前1–2页的首页题名/DOI已核对，未据此上调外部证据等级。
UFWI-146,,P2,CUCT-Net: End-to-End Signal-to-Image Learning for Quantized Speed-of-Sound Estimation and Tissue Segmentation in Ultrasound Computed Tomography,2026,2026-04-30,,Qinhan Gao; Mohamed Khaled Almekkawy,True,Sensors,10.3390/s26092801,journal,published,adjacent_ultrasound,直接学习; 量化声速; 分割; 稀疏阵列,多路发射编码器融合原始信号，同时支持量化声速或组织类别输出。,CUCT-Net；多输入encoder-decoder；Shift Units；transfer learning。,k-Wave合成圆盘与脑解剖仿体，测试噪声、少传感器及高对比。,输出量化SoS/分类而非任意连续声速；仅合成验证且不执行迭代FWI。,作为直接网络类别和离散标签先验的案例，低于物理反演重点文献。,primary_abstract,,https://doi.org/10.3390/s26092801; https://pubmed.ncbi.nlm.nih.gov/42122523/; https://www.ebi.ac.uk/europepmc/webservices/rest/search?query=EXT_ID:42122523&format=json&resultType=core; https://pmc.ncbi.nlm.nih.gov/articles/PMC13165601/,仅核验EuropePMC缓存中完整作者摘要和书目；未全文精读。最早公开2026-04-30；卷期2026 Apr。
UFWI-141,,P2,Cross-plane shear wave elastography for viscoelasticity imaging,2026,2026-07-02,,Ryan P Pitsinger; Murthy N Guddati,True,Physics in Medicine & Biology,10.1088/1361-6560/ae7eea,journal,published,medical_fwi,剪切波FWI; 跨平面采集; 黏弹性; H1正则,通过每次ARF push的多平面采集增加面外耗散信息，改善黏度辨识。,cross-plane SWE；FWI；H1正则；多分辨率依序反演G与η。,降维模型合成数据；黏度边界和稳定性优于单平面，弹性图较稳定。,降维数值概念验证，不是已实现真实3D人体黏弹性；不同于声学USCT。,把采集设计而非仅算法作为改善多参数可辨识性的切入点。,primary_abstract,,https://doi.org/10.1088/1361-6560/ae7eea; https://pubmed.ncbi.nlm.nih.gov/42309141/; https://www.ebi.ac.uk/europepmc/webservices/rest/search?query=EXT_ID:42309141&format=json&resultType=core; https://pmc.ncbi.nlm.nih.gov/articles/PMC13325617/,仅核验EuropePMC缓存中完整作者摘要和书目；未全文精读。最早公开2026-07-02；卷期2026 Jul。 剪切波弹性FWI独立类别：观测剪切位移，目标弹性/黏度，不与USCT高频纵波声速分辨率直接排名。
UFWI-101,,P2,Deep-Learning Inversion for Bone Ultrasound Tomography,2026,2026-05-01,,Chenchen Zhou; Tao Jiang; Guoao Ma; Ying Li; Kailiang Xu; Dean Ta,True,IEEE Transactions on Ultrasonics (TUSON),10.1109/tuson.2026.3678152,journal,published,adjacent_ultrasound,深度学习; 骨; 相邻方法,在直接数据到骨声速映射中融合走时与低频物理先验。,physics-informed prior enhancement；波形信息融合；监督反演网络。,模拟2秒内成像、SSIM0.9823；仿体实测SSIM0.9528，测试源波形失配。,属于FWI替代网络，不是迭代PDE约束FWI；需考察训练分布以外真实骨。,骨FWI的速度/泛化对照，独立列为相邻直接学习成像。,primary_abstract,,https://doi.org/10.1109/tuson.2026.3678152; https://pubmed.ncbi.nlm.nih.gov/42735178/; https://www.ebi.ac.uk/europepmc/webservices/rest/search?query=EXT_ID:42735178&format=json&resultType=core,核验作者原始摘要（出版社页面或PubMed/EuropePMC原文摘要）；非全文精读。最早公开日 2026-05-01；正式卷期 2026 May。
UFWI-105,,P2,High-precision wavefield simulation and deep learning-based sound speed reconstruction for transcranial ultrasound imaging,2026,2025-10-16,,Jing Yang; Yue Pan; Yu Qiang; Xingying Wang; Zhiqiang Zhang; Yanyan Yu; Hairong Zheng; Weibao Qiu,True,Ultrasonics,10.1016/j.ultras.2025.107860,journal,published,adjacent_ultrasound,深度学习; 经颅; 相邻方法,用含衰减高保真正演训练WAM-Net，局部重建颅骨声速。,Wavefront Attention Module；梯度正则；二维声速/衰减模拟。,模拟较AutoSoS误差降63.52%；陶瓷/PMMA仿体；食蟹猴在体声速结构展示。,直接网络SoS估计，FWI是对照而非核心迭代；局部颅骨成像不等于全脑FWI。,保留为经颅FWI初模/像差校正的相邻方法。,primary_abstract,,https://doi.org/10.1016/j.ultras.2025.107860; https://pubmed.ncbi.nlm.nih.gov/41129992/; https://www.ebi.ac.uk/europepmc/webservices/rest/search?query=EXT_ID:41129992&format=json&resultType=core,核验作者原始摘要（出版社页面或PubMed/EuropePMC原文摘要）；非全文精读。最早公开日 2025-10-16；正式卷期 2026 Mar。
UFWI-140,,P2,LSWNet: A physics-informed neural network for ultrasonic wavefield prediction and elastic constant inversion in unidirectional CFRP,2026,2026-01-25,,Hongjuan Yang; Jitong Ma; Zhengyan Yang; Tong Tian; Deshuang Deng; Dongyue Gao; Shuyi Ma; Lei Yang; Zhanjun Wu,True,Ultrasonics,10.1016/j.ultras.2026.107977,journal,published,ndt_fwi,PINN; 各向异性; 弹性常数; 参数识别,用纵横波分量和弹性PDE约束网络，识别单向CFRP弹性常数。,LSWNet；2D各向同性/各向异性弹性方程；相控阵观测；小尺度权重迁移。,有限元及实验；波场MSE≤3.2×10⁻³，识别常数用于TFM分层缺陷成像。,主要少量弹性常数识别，后续TFM图像不应说成FWI直接缺陷图；泛化受材料模型限制。,补齐Ultrasonics2026物理神经逆问题，和体素型FWI明确分类。,primary_abstract,,https://doi.org/10.1016/j.ultras.2026.107977; https://pubmed.ncbi.nlm.nih.gov/41621149/; https://www.ebi.ac.uk/europepmc/webservices/rest/search?query=EXT_ID:41621149&format=json&resultType=core,仅核验EuropePMC缓存中完整作者摘要和书目；未全文精读。最早公开2026-01-25；卷期2026 Jul。
UFWI-130,,P2,Physics Informed Deep Unfolded Full Waveform Inversion for Edema Detection,2026,,,Ruizhi Zhang; Yhonatan Kvich; Rui Guo; Oded Cohen; Yonina C Eldar,True,arXiv,10.48550/arxiv.2603.04070,preprint,preprint,medical_fwi,深度展开; 低对比目标; 实测体模,学习FWI更新规则，用少量展开步实现快速低对比声速重建。,physics-informed deep unfolding；通道RF数据输入；与FWI和MB-QRUS比较。,仿真及Verasonics硬件圆柱体模。,预印本；体模不等于患者水肿诊断；训练分布和物理失配仍需验证。,扩展应用从乳腺/脑转向常规探头低对比定量成像。,primary_abstract,,https://arxiv.org/abs/2603.04070,检索核验日期2026-09-26。v1 2026-03-04，v2 2026-03-06；未查到对应正式版。
UFWI-135,,P2,Proof of concept for full-waveform inversion in ultrasound time-harmonic shear-wave elastography,2026,2026-05-26,,Mohamed Aziz Boukraa; Yücel Karabiyik; Andreas Austeng; Sverre Holm; Sven Peter Näsholm,True,Physics in Medicine & Biology,10.1088/1361-6560/ae6af4,journal,published,medical_fwi,剪切波FWI; 弹性; 谐波; 概念验证,将FWI用于外部振动驱动的time-harmonic elastography，显式拟合剪切波传播。,剪切位移场；互相关相位失配；fractional Kelvin–Voigt合成模型。,合成仿体噪声20至−10dB条件下，夹杂速度较既有方法改善约0.4m/s、标准差降50%。,仅数值概念验证；观测为剪切位移而非透射声压，与乳腺/脑声学FWI属于不同物理层级。,为FWI拓展到弹性生物标志物提供方法，单列剪切波路线。,primary_abstract,,https://doi.org/10.1088/1361-6560/ae6af4; https://pubmed.ncbi.nlm.nih.gov/42102857/; https://www.ebi.ac.uk/europepmc/webservices/rest/search?query=EXT_ID:42102857&format=json&resultType=core,仅核验EuropePMC缓存中完整作者摘要和书目；未全文精读。最早公开2026-05-26；卷期2026 May。 剪切波弹性FWI独立类别：观测剪切位移，目标弹性/黏度，不与USCT高频纵波声速分辨率直接排名。
UFWI-129,,P2,TV-Regularized Frequency-Domain Full-Waveform Inversion for Single-Sided Linear Ultrasound Array Data,2026,,,Rui Guo; Ditza Auerbach; Yonina C Eldar,True,arXiv,10.48550/arxiv.2604.15796,preprint,preprint,medical_fwi,单侧线阵; 有限孔径; 正则化,面向临床常用单侧线阵组织频域FWI与TV求解，研究孔径和可恢复性。,TV、ADMM、快速正演/伴随梯度、多GPU。,甲状腺囊肿场景及多种孔径的二维/三维数值实验。,预印本；只有仿真，单侧病态性仍强；不可称临床线阵已验证。,有限孔径研究新入口，需与2020–2024既有线阵方法对照。,primary_abstract,,https://arxiv.org/abs/2604.15796,检索核验日期2026-09-26。v1 2026-04-17；未查到对应正式版。
UFWI-092,,P2,Target-oriented full waveform inversion based on optimal transport theory,2026,,,Tianjing Shen; Xiaochun Chen; Kai Chen; Yukai Wo; Xuri Huang,True,Journal of Applied Geophysics,10.1016/j.jappgeo.2026.106120,journal,published,geophysical_method,目标区域; 最优传输; 计算加速,把Marchenko重定基准与OT目标结合，用于局部目标反演。,双聚焦/重定基准后在ROI中做OT-FWI，与L2及全域反演比较。,出版社摘要/Highlights给出数值验证，未据此认定超声实测。,依赖Marchenko采集与背景假设，环阵透射几何不能直接照搬；仅摘要级评估。,可作目标区域加速的迁移候选，优先级低于已有USCT源编码/三维算法。,primary_abstract,,https://www.sciencedirect.com/science/article/pii/S0926985126000285; https://api.crossref.org/works/10.1016/j.jappgeo.2026.106120; https://doi.org/10.1016/j.jappgeo.2026.106120,本轮核验；创新为文献贡献概括，迁移价值/局限含本库评估，不是全球首创证明。
UFWI-042,,P2,UltraWave: An Open-source Multi-GPU Full-wave Simulator for Acoustic and Elastic Wave Scattering in 3-D Heterogeneous Media,2026,,,Zixuan Tian; Yun Jing; Aiguo Han,True,IEEE Transactions on Ultrasonics (TUSON),10.1109/tuson.2025.3636178,journal,published,adjacent_ultrasound,三维加速专题; D；3D forward simulator; 开源软件; 三维; 弹性正演; 基础设施,提供声学/弹性三维多GPU正演和解析散射基准，补足复杂物理与规模兼容性。,Devito有限差分、多GPU、幂律吸收、PML；解析散射验证工具。,数值解析基准及k-Wave对照；报告特定弹性算例8h单GPU到20min四GPU。,这是正演软件论文，未验证反演/临床结果；不同GPU数量速度不可视为纯算法加速比。,搭建弹性FWI与模型失配试验时的基础设施文献。,primary_fulltext,,https://doi.org/10.1109/TUSON.2025.3636178; https://pmc.ncbi.nlm.nih.gov/articles/PMC13166100/; https://doi.org/10.1109/tuson.2025.3636178; https://pubmed.ncbi.nlm.nih.gov/42131820/; https://github.com/zixuant5/UltraWave,检索核验日期2026-09-26。online2025-11-25，正式2026卷73(1):3–13；不应混写为TUFFC期刊名。
UFWI-137,,P2,Ultrasonic forward modeling of industrial oil-water two-phase flow,2026,2026-06-07,,Yanwei Li; Yong Bao; Chao Tan; Feng Dong,True,Ultrasonics,10.1016/j.ultras.2026.108189,journal,published,ndt_fwi,工业层析; 两相流; 时域,用波动模型纠正油水流射线模型忽略折射干涉造成的误差，并引入FWI。,时域FWI；伴随场；油水两相波传播正演。,数值和实验室两相流实验支持抑制成像伪影。,是工业流体层析而非医学/固体缺陷；实验规模和流动态范围摘要未详列。,补足Ultrasonics2026直接FWI跨工业应用，独立标工业层析。,primary_abstract,,https://doi.org/10.1016/j.ultras.2026.108189; https://pubmed.ncbi.nlm.nih.gov/42284736/; https://www.ebi.ac.uk/europepmc/webservices/rest/search?query=EXT_ID:42284736&format=json&resultType=core,仅核验EuropePMC缓存中完整作者摘要和书目；未全文精读。最早公开2026-06-07；卷期2026 Nov。
UFWI-023,,P2,Whole cross-sectional human ultrasound tomography,2026,,,David C. Garrett,True,Nature Biomedical Engineering,10.1038/s41551-026-01660-4,journal,published,adjacent_ultrasound,系统硬件; 相邻超声; 在体演示,展示全人体横截面反射和透射成像，并探索脂肪评估及针定位。,512阵元PVDF接收环、旋转发射、chirp/匹配滤波、反射DAS与透射走时。,旧知识库及本地正式PDF首页；人体/实验演示，方法细节见原笔记。,并非FWI；硬件/反射成像分辨率不能移作FWI定量声速分辨率。,USCT应用和采集系统背景。,legacy_note,,https://doi.org/10.1038/s41551-026-01660-4,作者只列可靠首作者；完整作者请以正式文献为准。；本地PDF前1–2页的首页题名/DOI已核对，未据此上调外部证据等级。
UFWI-106,,P2,A multi-task neural network for full waveform ultrasonic bone imaging,2025,2025-04-25,,Peiwen Li; Tianyu Liu; Heyu Ma; Dan Li; Chengcheng Liu; Dean Ta,True,Computer Methods and Programs in Biomedicine,10.1016/j.cmpb.2025.108807,journal,published,adjacent_ultrasound,深度学习; 骨; 相邻方法,双解码器联合预测骨声速和骨/软组织边界。,CEDD-Unet；ConvLSTM；多尺度注意力；边界辅助任务。,人/鼠骨模型数据集报告SSIM0.9702/0.9550，含网络消融。,摘要未足够区分真实采集与模拟数据；属于监督直接反演，不能等同物理迭代FWI。,提供边界任务作为先验的思路，但阅读优先低于有实验的物理FWI。,primary_abstract,,https://doi.org/10.1016/j.cmpb.2025.108807; https://pubmed.ncbi.nlm.nih.gov/40311439/; https://www.ebi.ac.uk/europepmc/webservices/rest/search?query=EXT_ID:40311439&format=json&resultType=core,核验作者原始摘要（出版社页面或PubMed/EuropePMC原文摘要）；非全文精读。最早公开日 2025-04-25；正式卷期 2025 Jul。
UFWI-149,,P2,Breast cancer detection from ultrasound computed tomography imaging using radiomic analysis: in silico trial,2025,2025-02-28,,Andres Vargas; Nicole Hernandez; Ana B Ramirez; Said Pertuz,True,Medical Physics,10.1002/mp.17710,journal,published,adjacent_ultrasound,任务评价; 影像组学; 乳腺; 虚拟试验,从FWI声速图像提取影像组学指标，评价下游病灶检测而非单纯像素精度。,116虚拟乳腺；二维FWI；radiomic特征；五折交叉验证；ROC/AUC。,SoS AUC0.87、乳房X线0.77，联合0.89；联合相对X线P=0.0112。,完全in-silico，不是临床检测试验；虚拟群体和模拟误差可能影响指标。,为FWI排名加入下游任务价值提供参考，但不能当临床优势证明。,primary_abstract,,https://doi.org/10.1002/mp.17710; https://pubmed.ncbi.nlm.nih.gov/40019373/; https://www.ebi.ac.uk/europepmc/webservices/rest/search?query=EXT_ID:40019373&format=json&resultType=core,仅核验EuropePMC缓存中完整作者摘要和书目；未全文精读。最早公开2025-02-28；卷期2025 Apr。
UFWI-045,,P2,Deep-Learning-Driven High Spatial Resolution Attenuation Imaging for Ultrasound Tomography (AI-UT),2025,,,Mingrui Liu,False,"IEEE Transactions on Ultrasonics, Ferroelectrics, and Frequency Control (TUFFC)",10.1109/tuffc.2025.3592578,journal,published,adjacent_ultrasound,衰减; 深度学习,利用声速和衰减结构相关性约束学习式高分辨衰减成像。,60角度RF输入、深度学习映射、声速结构约束。,首页摘要的QTI乳腺扫描数据；非传统迭代FWI。,本轮仅作本地首页/摘要与既有笔记归并，未外部复核或完整方法审读；不能把摘要主张当独立复现。,补齐原始文献清单；是否优先阅读按直接FWI相关性与证据评定。,legacy_note,,https://doi.org/10.1109/tuffc.2025.3592578,作者通常仅列首页可靠首作者，不代表完整作者表；摘要性创新总结不包含全球首创判断。；本地PDF前1–2页的首页题名/DOI已核对，未据此上调外部证据等级。
UFWI-139,,P2,Estimation of shear viscoelasticity via time-domain elastic full waveform inversion in ultrasound shear wave elastography,2025,2025-04-01,,Mohammad Mohammadi; Reza Naghdabadi; Bahador Makkiabadi,True,The Journal of the Acoustical Society of America,10.1121/10.0036372,journal,published,medical_fwi,剪切波FWI; 黏弹性; 时域; 正则化,在有限SWE位移数据下联合估计弹性和黏度，减少局部均匀假设影响。,弹性动力学；L2失配；伴随梯度；quasi-Newton；Tikhonov正则。,模拟三维体积单切片噪声数据，弹性误差2.91%、黏度23.97%。,主要数值验证且黏度误差明显较高；剪切位移FWI不同于高频声压USCT。,用于多参数串扰/不完备观测的跨物理比较，不可混入声速分辨率榜。,primary_abstract,,https://doi.org/10.1121/10.0036372; https://pubmed.ncbi.nlm.nih.gov/40272212/; https://www.ebi.ac.uk/europepmc/webservices/rest/search?query=EXT_ID:40272212&format=json&resultType=core,仅核验EuropePMC缓存中完整作者摘要和书目；未全文精读。最早公开2025-04-01；卷期2025 Apr。 剪切波弹性FWI独立类别：观测剪切位移，目标弹性/黏度，不与USCT高频纵波声速分辨率直接排名。
UFWI-052,,P2,Multi-parameter ultrasound imaging for musculoskeletal tissues based on a physics informed generative adversarial network,2025,,,Pengxin Wang,False,Chinese Physics B,10.1088/1674-1056/adb390,journal,published,medical_fwi,深度学习; 多参数; 肌骨,以物理信息生成对抗网络开展肌骨多参数成像。,physics-informed GAN；具体物理约束需全文进一步核验。,已确认正式PDF题名和作者；原清单仅猜测FWI/USCT。,本轮仅作本地首页/摘要与既有笔记归并，未外部复核或完整方法审读；不能把摘要主张当独立复现。,补齐原始文献清单；是否优先阅读按直接FWI相关性与证据评定。,legacy_note,,https://doi.org/10.1088/1674-1056/adb390,作者通常仅列首页可靠首作者，不代表完整作者表；摘要性创新总结不包含全球首创判断。；本地PDF前1–2页的首页题名/DOI已核对，未据此上调外部证据等级。
UFWI-054,,P2,Reconstruction of reflection ultrasound computed tomography with sparse transmissions using conditional generative adversarial network,2025,,,Zhaohui Liu; Xiang Zhou; Hantao Yang; Qiude Zhang; Liang Zhou; Yun Wu; Quanquan Liu; Weicheng Yan; Junjie Song; Mingyue Ding; Ming Yuchi; Wu Qiu,True,Ultrasonics,10.1016/j.ultras.2024.107486,journal,published,adjacent_ultrasound,反射成像; 深度学习,从稀疏发射数据学习恢复反射UCT图像。,条件GAN/UCT-GAN；与DAS及其他网络比较。,在体乳腺数据，摘要含8发射与512发射参考；在线2024，卷期年已按Crossref登记元数据补核。,本轮仅作本地首页/摘要与既有笔记归并，未外部复核或完整方法审读；不能把摘要主张当独立复现。,补齐原始文献清单；是否优先阅读按直接FWI相关性与证据评定。,legacy_note,,https://doi.org/10.1016/j.ultras.2024.107486; https://api.crossref.org/works/10.1016/j.ultras.2024.107486,摘要性创新总结不包含全球首创判断。已核对原论文首页及Crossref出版社注册书目中的DOI、卷期年与作者；内容层级仍为历史笔记，未据书目补核上调。
UFWI-044,,P2,Self-Supervised Optimization of RF Data Coherence for Improving Breast Reflection UCT Reconstruction,2025,,,Lei He,False,"IEEE Transactions on Ultrasonics, Ferroelectrics, and Frequency Control (TUFFC)",10.1109/tuffc.2025.3581915,journal,published,adjacent_ultrasound,反射成像; 自监督学习,通过优化接收RF相干性改善稀疏发射反射UCT。,BSegB盲分段、SSM-SRP强反射预测、PARR极性自适应替换。,首页摘要报告实验与图像/RF相干指标。,本轮仅作本地首页/摘要与既有笔记归并，未外部复核或完整方法审读；不能把摘要主张当独立复现。,补齐原始文献清单；是否优先阅读按直接FWI相关性与证据评定。,legacy_note,,https://doi.org/10.1109/tuffc.2025.3581915,作者通常仅列首页可靠首作者，不代表完整作者表；摘要性创新总结不包含全球首创判断。；本地PDF前1–2页的首页题名/DOI已核对，未据此上调外部证据等级。
UFWI-086,,P2,A High-Resolution 3D Ultrasound Imaging System Oriented towards a Specific Application in Breast Cancer Detection Based on a 1 × 256 Ring Array,2024,,,Junhui Zhang,False,Micromachines,10.3390/mi15020209,journal,published,adjacent_ultrasound,系统硬件; 乳腺,建立面向乳腺检测的1×256环阵三维超声系统。,环阵采集与三维成像系统；重建方法需全文分类。,系统研究；不能据3D图像等同真三维波动方程反演。,本轮仅作本地首页/摘要与既有笔记归并，未外部复核或完整方法审读；不能把摘要主张当独立复现。,补齐原始文献清单；是否优先阅读按直接FWI相关性与证据评定。,legacy_note,,https://doi.org/10.3390/mi15020209,作者通常仅列首页可靠首作者，不代表完整作者表；摘要性创新总结不包含全球首创判断。；本地PDF前1–2页的首页题名/DOI已核对，未据此上调外部证据等级。
UFWI-050,,P2,An empirical study of large-scale data-driven full waveform inversion,2024,,,Peng Jin,False,Scientific Reports,10.1038/s41598-024-68573-7,journal,published,geophysical_method,深度学习; 数据规模,系统评估OpenFWI数据规模、模型容量和跨子集泛化。,10个2D子集、47万数据/速度对、训练集联合与leave-one-out评估。,大规模合成地震数据；不是学位论文，也不是医学验证。,本轮仅作本地首页/摘要与既有笔记归并，未外部复核或完整方法审读；不能把摘要主张当独立复现。,补齐原始文献清单；是否优先阅读按直接FWI相关性与证据评定。,legacy_note,,https://doi.org/10.1038/s41598-024-68573-7,作者通常仅列首页可靠首作者，不代表完整作者表；摘要性创新总结不包含全球首创判断。；本地PDF前1–2页的首页题名/DOI已核对，未据此上调外部证据等级。
UFWI-144,,P2,Comparison of methods for estimating Young's moduli of mortar specimens,2024,2024-06-20,,Simon Schmid; Jithender J Timothy; Elena Woydich; Jochen Kollofrath; Christian U Grosse,True,Scientific Reports,10.1038/s41598-024-65149-3,journal,published,ndt_fwi,材料参数; 比较基准; 弹性模量; 实验,比较FWI、人工首至、CT与压缩试验对砂浆Young模量的估计。,四种砂灰质量比圆柱试件；波形拟合速度；动态到静态模量换算；CT分割。,FWI最佳RMSE0.34GPa优于人工0.87GPa；CT0.13GPa最接近压缩试验。,整体模量估计不是高分辨率空间FWI；FWI并非全部对照最优。,展示应以独立力学真值评估参数，补充Schmid2024Ultrasonics方法。,primary_abstract,,https://doi.org/10.1038/s41598-024-65149-3; https://pubmed.ncbi.nlm.nih.gov/38902434/; https://www.ebi.ac.uk/europepmc/webservices/rest/search?query=EXT_ID:38902434&format=json&resultType=core; https://pmc.ncbi.nlm.nih.gov/articles/PMC11190284/,仅核验EuropePMC缓存中完整作者摘要和书目；未全文精读。最早公开2024-06-20；卷期2024 Jun。
UFWI-143,,P2,Detection of Multi-Layered Bond Delamination Defects Based on Full Waveform Inversion,2024,2024-06-20,,Jiawei Wen; Can Jiang; Hao Chen,True,Sensors,10.3390/s24124017,journal,published,ndt_fwi,导波; 脱层; 多层结构; 实验,用环形导波阵列FWI直接定位/定量重建多层板脱层形状。,铝-环氧双层有限元；规则/不规则脱层；导波FWI。,钢-水泥双层板不规则脱层实测核验位置和尺寸。,具体多层体系的证据；摘要未提供统一精度数字或全弹性反演细节。,中科院声学所另一NDT团队主线，应与李玉冰医学组区分。,primary_abstract,,https://doi.org/10.3390/s24124017; https://pubmed.ncbi.nlm.nih.gov/38931799/; https://www.ebi.ac.uk/europepmc/webservices/rest/search?query=EXT_ID:38931799&format=json&resultType=core,仅核验EuropePMC缓存中完整作者摘要和书目；未全文精读。最早公开2024-06-20；卷期2024 Jun。
UFWI-079,,P2,Efficient Helmholtz Equation Solver for Frequency Domain Waveform Inversion Based on the Decomposition into One-Way Wave Equations,2024,,,Rehman Ali,False,SPIE Medical Imaging,10.1117/12.3006288,conference,published,medical_fwi,Helmholtz; 频域加速,以单向波方程分解改进频域FWI的Helmholtz求解。,block LU、单向传播分解及多次散射处理。,会议论文；求解器速度与完整FWI速度须区分。,本轮仅作本地首页/摘要与既有笔记归并，未外部复核或完整方法审读；不能把摘要主张当独立复现。,补齐原始文献清单；是否优先阅读按直接FWI相关性与证据评定。,legacy_note,,https://doi.org/10.1117/12.3006288,作者通常仅列首页可靠首作者，不代表完整作者表；摘要性创新总结不包含全球首创判断。；本地PDF前1–2页的首页题名/DOI已核对，未据此上调外部证据等级。
UFWI-109,,P2,Investigating the Use of Traveltime and Reflection Tomography for Deep Learning-Based Sound-Speed Estimation in Ultrasound Computed Tomography,2024,2024-11-27,,Gangwon Jeong; Fu Li; Trevor M Mitcham; Umberto Villa; Nebojsa Duric; Mark A Anastasio,True,"IEEE Transactions on Ultrasonics, Ferroelectrics, and Frequency Control (TUFFC)",10.1109/tuffc.2024.3459391,journal,published,adjacent_ultrasound,深度学习; 走时; 相邻方法,以低成本走时声速和反射结构双通道估计高分辨声速。,TT+RT输入CNN；单模态消融；数值乳腺模型；ROC任务评价。,临床数据报告NRMSE0.2355/SSIM0.8845/PSNR28.33dB。,图像到图像的学习替代，非逐次PDE拟合FWI；临床参考真值定义需审阅。,有价值的成本/任务性基准，提醒读者FWI替代不等于FWI改进。,primary_abstract,,https://doi.org/10.1109/tuffc.2024.3459391; https://pubmed.ncbi.nlm.nih.gov/39264782/; https://www.ebi.ac.uk/europepmc/webservices/rest/search?query=EXT_ID:39264782&format=json&resultType=core,核验作者原始摘要（出版社页面或PubMed/EuropePMC原文摘要）；非全文精读。最早公开日 2024-11-27；正式卷期 2024 Nov。
UFWI-078,,P2,Learned Measurement Correction for Simplified Acoustic Forward Models in Ultrasound Computed Tomography,2024,,,Luke Lozenski,False,SPIE Medical Imaging,10.1117/12.3006948,conference,published,medical_fwi,学习; 模型误差,学习校正测量数据，使简化声学模型可用于USCT。,数据校正网络与简化forward model组合。,会议论文；校正可迁移性和分布外误差需验证。,本轮仅作本地首页/摘要与既有笔记归并，未外部复核或完整方法审读；不能把摘要主张当独立复现。,补齐原始文献清单；是否优先阅读按直接FWI相关性与证据评定。,legacy_note,,https://doi.org/10.1117/12.3006948,作者通常仅列首页可靠首作者，不代表完整作者表；摘要性创新总结不包含全球首创判断。；本地PDF前1–2页的首页题名/DOI已核对，未据此上调外部证据等级。
UFWI-150,,P2,Multi-acquisition multi-resolution full-waveform shear wave elastography for reconstructing tissue viscoelasticity,2024,2024-12-11,,Abdelrahman M Elmeliegy; Murthy N Guddati,True,Physics in Medicine & Biology,10.1088/1361-6560/ad94c9,journal,published,medical_fwi,剪切波FWI; 多采集; 多分辨率; 黏弹性,结合多push多平面采集、频率递进与先联合后固定弹性的分步黏度反演。,FWI；多分辨率；顺序viscoelastic inversion；剪切位移观测。,模拟G3–20kPa、η1–3Pa·s；噪声30/20/10dB，黏度需更高SNR。,数值可行性研究；重建面外属性不等于已经实测3D全体积。,与2026cross-plane论文组成SWE方法链，单列物理层级。,primary_abstract,,https://doi.org/10.1088/1361-6560/ad94c9; https://pubmed.ncbi.nlm.nih.gov/39569886/; https://www.ebi.ac.uk/europepmc/webservices/rest/search?query=EXT_ID:39569886&format=json&resultType=core; https://pmc.ncbi.nlm.nih.gov/articles/PMC11789273/,仅核验EuropePMC缓存中完整作者摘要和书目；未全文精读。最早公开2024-12-11；卷期2024 Dec。 剪切波弹性FWI独立类别：观测剪切位移，目标弹性/黏度，不与USCT高频纵波声速分辨率直接排名。
UFWI-080,,P2,Multimodality In Silico Imaging of Dense Breasts: A Comparative Study of Ultrasound Computed Tomography and Digital Breast Tomosynthesis,2024,,,Tara Diba,False,SPIE Medical Imaging,10.1117/12.3009493,conference,published,adjacent_ultrasound,数字仿体; 多模态,扩展虚拟乳腺试验框架，使USCT与乳腺X射线断层在相同解剖模型上比较。,程序生成乳腺结构、声学属性模拟、VICTRE多模态框架。,in silico系统评估；不能等同FWI算法创新。,本轮仅作本地首页/摘要与既有笔记归并，未外部复核或完整方法审读；不能把摘要主张当独立复现。,补齐原始文献清单；是否优先阅读按直接FWI相关性与证据评定。,legacy_note,,https://doi.org/10.1117/12.3009493,作者通常仅列首页可靠首作者，不代表完整作者表；摘要性创新总结不包含全球首创判断。；本地PDF前1–2页的首页题名/DOI已核对，未据此上调外部证据等级。
UFWI-085,,P2,Nonlinear Medical Ultrasound Tomography: 3D Modeling of Sound Wave Propagation in Human Tissues,2024,,,Maxim Shishlenin,False,Mathematics,10.3390/math12020212,journal,published,adjacent_ultrasound,三维正演; 非线性声学,研究人体组织中三维声传播的非线性建模。,3D声波正演；不能只因题名tomography便视为已完成3D FWI。,本地正式PDF首页；反演实验细节待核验。,本轮仅作本地首页/摘要与既有笔记归并，未外部复核或完整方法审读；不能把摘要主张当独立复现。,补齐原始文献清单；是否优先阅读按直接FWI相关性与证据评定。,legacy_note,,https://doi.org/10.3390/math12020212,作者通常仅列首页可靠首作者，不代表完整作者表；摘要性创新总结不包含全球首创判断。；本地PDF前1–2页的首页题名/DOI已核对，未据此上调外部证据等级。
UFWI-066,,P2,Regularized full waveform inversion for low frequency ultrasound tomography with a structural similarity EIT prior,2024,,,Scott Ziegler,False,Inverse Problems and Imaging,10.3934/ipi.2023023,journal,published,medical_fwi,多模态先验; 肺; 正则化,将EIT先验与声速迭代图像的SSIM相关性作为正则。,低频10–750kHz、SSIM正则、声速FWI。,肺部数值数据；DOI含2023但卷期18(1)为2024。,本轮仅作本地首页/摘要与既有笔记归并，未外部复核或完整方法审读；不能把摘要主张当独立复现。,补齐原始文献清单；是否优先阅读按直接FWI相关性与证据评定。,legacy_note,,https://doi.org/10.3934/ipi.2023023,作者通常仅列首页可靠首作者，不代表完整作者表；摘要性创新总结不包含全球首创判断。；本地PDF前1–2页的首页题名/DOI已核对，未据此上调外部证据等级。
UFWI-083,,P2,Stepped frequency ultrasound computed tomography with waveform inversion,2024,,,Luca A. Forte,False,Biomedical Physics & Engineering Express,10.1088/2057-1976/ad25bb,journal,published,medical_fwi,步进频率; 采集,将步进频率采集与波形反演结合。,stepped-frequency USCT、waveform inversion。,本地正式PDF确认；具体实验/优化收益本轮不补猜。,本轮仅作本地首页/摘要与既有笔记归并，未外部复核或完整方法审读；不能把摘要主张当独立复现。,补齐原始文献清单；是否优先阅读按直接FWI相关性与证据评定。,legacy_note,,https://doi.org/10.1088/2057-1976/ad25bb,作者通常仅列首页可靠首作者，不代表完整作者表；摘要性创新总结不包含全球首创判断。；本地PDF前1–2页的首页题名/DOI已核对，未据此上调外部证据等级。
UFWI-147,,P2,The influence of ignoring the acoustic attenuation parameter during full waveform inversion of transcranial ultrasound data - Preliminary Study,2024,2024-07-01,,Tushar R; Sumit Kumar Yadav; Arun K Thittai,True,IEEE EMBC,10.1109/embc53108.2024.10781688,conference,published,medical_fwi,经颅; 衰减; 伴随一致性; 初步研究,初步测试伴随回传忽略衰减对FWI收敛的影响。,MATLAB开源工具箱仿真；含/不含衰减的adjoint-state对比。,作者报告特定模拟中忽略衰减更快且SSIM略好。,会议初步结果，不能推论物理上应忽略衰减；需检查伴随一致性、稳定性和步长。,适合当作建模/实现误差审查案例，不作为通用设计建议。,primary_abstract,,https://doi.org/10.1109/embc53108.2024.10781688; https://pubmed.ncbi.nlm.nih.gov/40039691/; https://www.ebi.ac.uk/europepmc/webservices/rest/search?query=EXT_ID:40039691&format=json&resultType=core,仅核验EuropePMC缓存中完整作者摘要和书目；未全文精读。最早公开2024-07-01；卷期2024 Jul。
UFWI-081,,P2,Waveform inversion with calibrated source-time functions for improving in-vivo ultrasound computed tomography,2024,,,Ines E. Ulrich,False,SPIE Medical Imaging,10.1117/12.3006768,conference,published,medical_fwi,声源校准; 在体,校准source-time function以改善在体小鼠波形反演。,源时间函数校正、FWI与反射/初始化方法组合。,在体小鼠截面数据；与2026工作有研究链关系。,本轮仅作本地首页/摘要与既有笔记归并，未外部复核或完整方法审读；不能把摘要主张当独立复现。,补齐原始文献清单；是否优先阅读按直接FWI相关性与证据评定。,legacy_note,,https://doi.org/10.1117/12.3006768,作者通常仅列首页可靠首作者，不代表完整作者表；摘要性创新总结不包含全球首创判断。；本地PDF前1–2页的首页题名/DOI已核对，未据此上调外部证据等级。
UFWI-071,,P2,A WebGPU-base acoustic wave simulator for ultrasound NDT,2023,,,André P Galera,False,ECNDT2023,10.58286/28120,conference,published,adjacent_ultrasound,GPU; 正演软件,通过WebGPU加速用于超声NDT的波场模拟。,GPU并行声波求解，面向反演正演负担。,会议论文；forward-only，不等于端到端FWI加速。,本轮仅作本地首页/摘要与既有笔记归并，未外部复核或完整方法审读；不能把摘要主张当独立复现。,补齐原始文献清单；是否优先阅读按直接FWI相关性与证据评定。,legacy_note,,https://doi.org/10.58286/28120,作者通常仅列首页可靠首作者，不代表完整作者表；摘要性创新总结不包含全球首创判断。；本地PDF前1–2页的首页题名/DOI已核对，未据此上调外部证据等级。
UFWI-060,,P2,Correlation-based full-waveform shear wave elastography,2023,,,Abdelrahman M Elmeliegy,False,Physics in Medicine & Biology,10.1088/1361-6560/acc37b,journal,published,medical_fwi,横波; 弹性; 相关目标,把相关性波形比较引入全波形剪切波弹性成像。,相关目标与剪切波反演，具体损失定义需全文核查。,本地正式PDF首页确认；与纵波USCT应用边界不同。,本轮仅作本地首页/摘要与既有笔记归并，未外部复核或完整方法审读；不能把摘要主张当独立复现。,补齐原始文献清单；是否优先阅读按直接FWI相关性与证据评定。,legacy_note,,https://doi.org/10.1088/1361-6560/acc37b,作者通常仅列首页可靠首作者，不代表完整作者表；摘要性创新总结不包含全球首创判断。；本地PDF前1–2页的首页题名/DOI已核对，未据此上调外部证据等级。
UFWI-067,,P2,Data driven methods for ultrasound computed tomography,2023,,,Luke Lozenski,False,SPIE Medical Imaging,10.1117/12.2654442,conference,published,medical_fwi,深度学习,研究数据驱动USCT以降低波动反演计算负担。,由波形到声速的学习方法；与同团队2024任务信息论文关联。,会议论文，不与后续期刊当作独立重复验证计权。,本轮仅作本地首页/摘要与既有笔记归并，未外部复核或完整方法审读；不能把摘要主张当独立复现。,补齐原始文献清单；是否优先阅读按直接FWI相关性与证据评定。,legacy_note,,https://doi.org/10.1117/12.2654442,作者通常仅列首页可靠首作者，不代表完整作者表；摘要性创新总结不包含全球首创判断。；本地PDF前1–2页的首页题名/DOI已核对，未据此上调外部证据等级。
UFWI-077,,P2,Data-Driven full waveform inversion for ultrasonic bone quantitative imaging,2023,,,Meng Suo,False,Neural Computing and Applications,10.1007/s00521-023-08464-6,journal,published,medical_fwi,骨成像; 深度学习,增强网络高频特征表达以恢复骨微结构信息。,dual-encoder Unet、高频特征提取、Micro-CT构建数据集。,合成/数据驱动评估；作为相邻方法背景资料保留。,本轮仅作本地首页/摘要与既有笔记归并，未外部复核或完整方法审读；不能把摘要主张当独立复现。,补齐原始文献清单；是否优先阅读按直接FWI相关性与证据评定。,legacy_note,,https://doi.org/10.1007/s00521-023-08464-6,作者通常仅列首页可靠首作者，不代表完整作者表；摘要性创新总结不包含全球首创判断。；本地PDF前1–2页的首页题名/DOI已核对，未据此上调外部证据等级。
UFWI-070,,P2,Full Waveform Inversion for NDT using ultrasonic linear arrays,2023,,,Daniel Rossato,False,ECNDT2023 / Research and Review Journal of Nondestructive Testing,10.58286/28117,conference,published,ndt_fwi,无损检测; 线阵,评估线阵超声FWI对常规DAS建模限制的改进。,数值线阵采集、全波形反演与DAS比较。,会议论文及独立presentation为同一研究，不能双计。,本轮仅作本地首页/摘要与既有笔记归并，未外部复核或完整方法审读；不能把摘要主张当独立复现。,补齐原始文献清单；是否优先阅读按直接FWI相关性与证据评定。,legacy_note,,https://doi.org/10.58286/28117,作者通常仅列首页可靠首作者，不代表完整作者表；摘要性创新总结不包含全球首创判断。；本地PDF前1–2页的首页题名/DOI已核对，未据此上调外部证据等级。
UFWI-072,,P2,Full Waveform Inversion-Based Ultrasound Computed Tomography Acceleration Using Two-Dimensional Convolutional Neural Networks,2023,,,,False,"ASME Journal of Nondestructive Evaluation, Diagnostics and Prognostics of Engineering Systems",10.1115/1.4062092,journal,published,medical_fwi,深度学习; 加速,以CNN加速并改善USCT反演结果。,2D CNN、以FWI处理结果构造训练信息。,本地保存的是出版网页摘要PDF，并非9页全文；作者暂不猜。,本轮仅作本地首页/摘要与既有笔记归并，未外部复核或完整方法审读；不能把摘要主张当独立复现。,补齐原始文献清单；是否优先阅读按直接FWI相关性与证据评定。,legacy_note,,https://doi.org/10.1115/1.4062092,作者通常仅列首页可靠首作者，不代表完整作者表；摘要性创新总结不包含全球首创判断。；本地PDF前1–2页的首页题名/DOI已核对，未据此上调外部证据等级。
UFWI-058,,P2,Full waveform inversion for arterial viscoelasticity,2023,,,Tuhin Roy,False,Physics in Medicine & Biology,10.1088/1361-6560/acba7a,journal,published,medical_fwi,弹性; 血管,把全波形反演用于动脉黏弹性参数评估。,黏弹性正反问题；具体参数化和边界需正文核查。,Note形式；本地首页题名与DOI确认，主要仿真性质待深读。,本轮仅作本地首页/摘要与既有笔记归并，未外部复核或完整方法审读；不能把摘要主张当独立复现。,补齐原始文献清单；是否优先阅读按直接FWI相关性与证据评定。,legacy_note,,https://doi.org/10.1088/1361-6560/acba7a,作者通常仅列首页可靠首作者，不代表完整作者表；摘要性创新总结不包含全球首创判断。；本地PDF前1–2页的首页题名/DOI已核对，未据此上调外部证据等级。
UFWI-145,,P2,High-Precision Corrosion Detection via SH1 Guided Wave Based on Full Waveform Inversion,2023,2023-12-18,,Jiawei Wen; Can Jiang; Hao Chen,True,Sensors,10.3390/s23249902,journal,published,ndt_fwi,导波; 模式选择; 腐蚀; 实验,利用SH1较短波长提高小而浅腐蚀的FWI厚度成像精度。,A0/S0/SH1有限元比较；SH1导波FWI；铝板实测。,规则/不规则缺陷仿真与实验均支持SH1在测试条件下更准确。,模式波长、频率和可激励性是比较条件；不能推论SH1对所有缺陷普遍最优。,检验算法改进之外，波模选择如何控制物理分辨能力。,primary_abstract,,https://doi.org/10.3390/s23249902; https://pubmed.ncbi.nlm.nih.gov/38139749/; https://www.ebi.ac.uk/europepmc/webservices/rest/search?query=EXT_ID:38139749&format=json&resultType=core; https://pmc.ncbi.nlm.nih.gov/articles/PMC10747418/,仅核验EuropePMC缓存中完整作者摘要和书目；未全文精读。最早公开2023-12-18；卷期2023 Dec。
UFWI-076,,P2,Non-contact subsurface thermography for high-temperature metallic structures using laser ultrasound and wave-equation-based inversion,2023,,,Lei Hu,False,Mechanical Systems and Signal Processing,10.1016/j.ymssp.2023.110378,journal,published,ndt_fwi,激光超声; 温度; 比较,用非接触激光超声和波动反演重建高温金属内部温度。,FWI、traveltime waveform inversion、double-difference TWI对比。,非医学NDT应用，参数关系和温度标定限制须正文确认。,本轮仅作本地首页/摘要与既有笔记归并，未外部复核或完整方法审读；不能把摘要主张当独立复现。,补齐原始文献清单；是否优先阅读按直接FWI相关性与证据评定。,legacy_note,,https://doi.org/10.1016/j.ymssp.2023.110378,作者通常仅列首页可靠首作者，不代表完整作者表；摘要性创新总结不包含全球首创判断。；本地PDF前1–2页的首页题名/DOI已核对，未据此上调外部证据等级。
UFWI-068,,P2,Shape optimization for transcranial ultrasound computed tomography,2023,,,Patrick Marty,False,SPIE Medical Imaging,10.1117/12.2654328,conference,published,medical_fwi,经颅; 形状反演,通过形状优化估计颅骨几何而非只做逐像素参数更新。,伴随形状梯度与波形反演。,会议论文；需准确刻画骨与软组织强相互作用。,本轮仅作本地首页/摘要与既有笔记归并，未外部复核或完整方法审读；不能把摘要主张当独立复现。,补齐原始文献清单；是否优先阅读按直接FWI相关性与证据评定。,legacy_note,,https://doi.org/10.1117/12.2654328,作者通常仅列首页可靠首作者，不代表完整作者表；摘要性创新总结不包含全球首创判断。；本地PDF前1–2页的首页题名/DOI已核对，未据此上调外部证据等级。
UFWI-075,,P2,Two-step detection of concrete internal condition using array ultrasound and deep learning,2023,,,Yanqi Wu,False,NDT&E International,10.1016/j.ndteint.2023.102945,journal,published,adjacent_ultrasound,无损检测; 深度学习,联合阵列超声与学习方法完成混凝土内部状态成像和缺陷识别。,两阶段学习/成像流程；摘要讨论SAFT和RTM。,非医学研究；是否包含独立FWI步骤需全文核验，不标成直接FWI。,本轮仅作本地首页/摘要与既有笔记归并，未外部复核或完整方法审读；不能把摘要主张当独立复现。,补齐原始文献清单；是否优先阅读按直接FWI相关性与证据评定。,legacy_note,,https://doi.org/10.1016/j.ndteint.2023.102945,作者通常仅列首页可靠首作者，不代表完整作者表；摘要性创新总结不包含全球首创判断。；本地PDF前1–2页的首页题名/DOI已核对，未据此上调外部证据等级。
UFWI-132,,P2,Whole-Body Imaging Using Low Frequency Transmission Ultrasound,2023,,,James Wiskin; Bilal Malik; Cathy Ruoff; Nasser Pirshafiey; Mark Lenox; John Klock,True,Academic Radiology,10.1016/j.acra.2023.01.018,journal,published,medical_fwi,三维; 动物在体; 全身成像; 近轴逆散射,把低频三维传输声速与折射校正反射成像扩到乳猪全身，并对照MRI/大体解剖。,QT Scanner约1MHz透射；3.6MHz反射；三维模型驱动断层与射线折射校正。,4只10–12日乳猪在体；3T MRI和解剖对照。,动物和小尺度身体，不是成人全身；混合系统不能将反射图像效果全部归为FWI。,从乳腺向含骨/含气复杂部位扩展的应用证据。,primary_abstract,,https://pubmed.ncbi.nlm.nih.gov/36841742/; https://doi.org/10.1016/j.acra.2023.01.018,检索核验日期2026-09-26。online2023-02-24，卷30(11):2674–2685；scope按全文逆散射系统路线列medical_fwi，技术强度低于完整PDE-FWI。
UFWI-148,,P2,Cross-correlation Full Waveform Inversion for Sound Speed Reconstruction in Ultrasound Computed Tomography,2022,2022-07-01,,Yue Zhao; Nuomin Zhang; Xin Lu; Yu Yuan; Yi Shen,True,IEEE EMBC,10.1109/embc48229.2022.9871930,conference,published,medical_fwi,互相关; 走时; 源编码; 会议前作,先拟合互相关时移后的目标，再转入源编码FWI减轻cycle-skipping。,两阶段CC-FWI；调整伴随源；后段source encoding。,模拟RMSE优于常规FWI。,仅会议模拟证据；与2024CCAFWI-SE相近但不同DOI，应关联前作而非删除。,2024期刊方法演进的前置条目，读正式期刊后按需回溯。,primary_abstract,,https://doi.org/10.1109/embc48229.2022.9871930; https://pubmed.ncbi.nlm.nih.gov/36086158/; https://www.ebi.ac.uk/europepmc/webservices/rest/search?query=EXT_ID:36086158&format=json&resultType=core,仅核验EuropePMC缓存中完整作者摘要和书目；未全文精读。最早公开2022-07-01；卷期2022 Jul。 前作关联10.1016/j.ultras.2024.107392；本条保留会议类型。
UFWI-153,,P2,DeepUCT: Complex cascaded deep learning network for improved ultrasound tomography,2022,2022-03-11,,S Prasad; M Almekkawy,True,Physics in Medicine & Biology,10.1088/1361-6560/ac5296,journal,published,adjacent_ultrasound,直接学习; 级联网络; 计算加速,通过中间表征学习，分两级把传感器时序映射为声学参数图。,DeepUCT；两级encoder-decoder CNN；k-Wave环阵模拟。,合成仿体中比较FWI，报告更快且抗噪。,仅合成数据直接逆网络，无每例PDE约束，真实系统域差和训练偏置未解决。,保留直接学习USCT的早期代表，避免把替代算法混称FWI。,primary_abstract,,https://doi.org/10.1088/1361-6560/ac5296; https://pubmed.ncbi.nlm.nih.gov/35130522/; https://www.ebi.ac.uk/europepmc/webservices/rest/search?query=EXT_ID:35130522&format=json&resultType=core,仅核验EuropePMC缓存中完整作者摘要和书目；未全文精读。最早公开2022-03-11；卷期2022 Mar。
UFWI-020,,P2,Improved ultrasound image quality with pixel-based beamforming using a Wiener-filter and a SNR-dependent coherence factor,2022,,,Hui-Wen Xie; Hao Guo; Guang-Quan Zhou; Nghia Q. Nguyen; Richard W. Prager,True,Ultrasonics,10.1016/j.ultras.2021.106594,journal,published,adjacent_ultrasound,旧库深读; 相邻超声与源编码,在像素波束合成前做Wiener反卷积，并以SNR相关相干因子抑制伪影。,参考散射体PSF、Wiener逆滤波、coherent pixel beamforming、SNRD-CF。,仿真、仿体及在体；旧笔记记录轴向FWHM约0.31mm、约1λ。,证明相对基线轴向改进，不证明亚波长/突破衍射极限；与AWI代数相似不证明相同反演分辨率机制。,保留原AWI/USCT知识链供新检索对照。,legacy_note,,https://doi.org/10.1016/j.ultras.2021.106594,创新/方法总结据旧笔记重新收敛表述；本轮未外部复核，不继承旧笔记的全球首创或超分辨绝对断言。；本地PDF前1–2页的首页题名/DOI已核对，未据此上调外部证据等级。
UFWI-046,,P2,Ultrasound Computed Tomography,2022,2022-01-01,,Philippe Lasaygues; Luis Espinosa; Simon Bernard; Philippe Petit; Régine Guillermin,True,Bone Quantitative Ultrasound (book chapter),10.1007/978-3-030-91979-5_11,book_chapter,published,adjacent_ultrasound,综述; 骨成像,综述皮质骨USCT理论、数值和实验方法及高阻抗困难。,线性/非线性反演、局部线性化、全波形反演。,书籍第11章；不是独立期刊论文。,本轮仅作本地首页/摘要与既有笔记归并，未外部复核或完整方法审读；不能把摘要主张当独立复现。,补齐原始文献清单；是否优先阅读按直接FWI相关性与证据评定。,legacy_note,,https://doi.org/10.1007/978-3-030-91979-5_11,作者通常仅列首页可靠首作者，不代表完整作者表；摘要性创新总结不包含全球首创判断。；本地PDF前1–2页的首页题名/DOI已核对，未据此上调外部证据等级。
UFWI-112,,P2,Guided Wave Tomography Based on Supervised Descent Method for Quantitative Corrosion Imaging,2021,2021-11-23,,Min Lin; Yang Liu,True,"IEEE Transactions on Ultrasonics, Ferroelectrics, and Frequency Control (TUFFC)",10.1109/tuffc.2021.3097080,journal,published,ndt_fwi,NDT; 导波; 学习优化,离线学习平均下降方向，在线迭代快速重建腐蚀厚度。,supervised descent method；FIT；速度到导波色散厚度映射。,铝板不同腐蚀形状/深度合成训练测试，与时/频域FWI比较。,主要模拟证据；受训练分布和固定初模约束。,了解国内学习下降路线及其对后续DDL-FWI影响。,primary_abstract,,https://doi.org/10.1109/tuffc.2021.3097080; https://pubmed.ncbi.nlm.nih.gov/34260352/; https://www.ebi.ac.uk/europepmc/webservices/rest/search?query=EXT_ID:34260352&format=json&resultType=core,核验作者原始摘要（出版社页面或PubMed/EuropePMC原文摘要）；非全文精读。最早公开日 2021-11-23；正式卷期 2021 Dec。
UFWI-063,,P2,A consistent implementation of point sources on finite-difference grids,2020,,,Erik F. M. Koene,False,Geophysical Journal International,10.1093/gji/ggaa383,journal,published,geophysical_method,正演数值; 离网格源,以和有限差分传播算子一致的分布式源实现任意位置点源。,波数域按FD系数构造源；分布到多个节点。,1D/2D解析对照；基础数值工具而非医学FWI效果研究。,本轮仅作本地首页/摘要与既有笔记归并，未外部复核或完整方法审读；不能把摘要主张当独立复现。,补齐原始文献清单；是否优先阅读按直接FWI相关性与证据评定。,legacy_note,,https://doi.org/10.1093/gji/ggaa383,作者通常仅列首页可靠首作者，不代表完整作者表；摘要性创新总结不包含全球首创判断。；本地PDF前1–2页的首页题名/DOI已核对，未据此上调外部证据等级。
UFWI-094,,P2,Robust wavefield inversion via phase retrieval,2020,,,H S Aghamiry; A Gholami; S Operto,True,Geophysical Journal International,10.1093/gji/ggaa035,journal,published,geophysical_method,扩展反演; 相位恢复; 抗周跳,在扩展波场反演中引入相位恢复，减轻初始相位偏差导致的失败。,以幅值/相位恢复与波场重建结合，优化模型及波场。,地震数值算例；本轮读取出版社摘要和注册摘要。,幅度信息自身可能非唯一；计算成本及声源振幅误差需另审。,帮助理解只用幅度/包络能拓宽收敛域但丢失信息的权衡。,primary_abstract,,https://doi.org/10.1093/gji/ggaa035; https://api.crossref.org/works/10.1093/gji/ggaa035,本轮核验；创新为文献贡献概括，迁移价值/局限含本库评估，不是全球首创证明。
UFWI-021,,P2,Super-Resolution Ultrasound Imaging,2020,,,K. Christensen-Jeffries; O. Couture; P.A. Dayton; Y.C. Eldar; K. Hynynen; F. Kiessling; M. O'Reilly; G.F. Pinton; G. Schmitz; M.-X. Tang; M. Tanter; R.J.G. van Sloun,True,Ultrasound in Medicine & Biology,10.1016/j.ultrasmedbio.2019.11.013,review,published,adjacent_ultrasound,旧库深读; 相邻超声与源编码,梳理超声定位显微、统计涨落和学习超分辨路线。,微泡隔离/定位/追踪；PSF先验；多帧累积；稀疏恢复。,综述，汇总不同条件下超分辨实例。,定位精度与结构分辨率、采集时间及造影条件不能混为一谈；与FWI成像机制不同。,保留原AWI/USCT知识链供新检索对照。,legacy_note,,https://doi.org/10.1016/j.ultrasmedbio.2019.11.013,创新/方法总结据旧笔记重新收敛表述；本轮未外部复核，不继承旧笔记的全球首创或超分辨绝对断言。；本地PDF前1–2页的首页题名/DOI已核对，未据此上调外部证据等级。
UFWI-065,,P2,A Time-Domain Preconditioned Truncated Newton Approach to Visco-Acoustic Multiparameter Full Waveform Inversion,2018,,,Pengliang Yang,False,SIAM Journal on Scientific Computing,10.1137/17m1126126,journal,published,geophysical_method,多参数; Hessian; 优化,把预条件截断Newton用于时域黏声多参数反演。,二阶伴随Hessian-vector product、波场重算、参数化链式变换。,地震数值研究；内存与多参数串扰需结合具体场景评估。,本轮仅作本地首页/摘要与既有笔记归并，未外部复核或完整方法审读；不能把摘要主张当独立复现。,补齐原始文献清单；是否优先阅读按直接FWI相关性与证据评定。,legacy_note,,https://doi.org/10.1137/17m1126126,作者通常仅列首页可靠首作者，不代表完整作者表；摘要性创新总结不包含全球首创判断。；本地PDF前1–2页的首页题名/DOI已核对，未据此上调外部证据等级。
UFWI-053,,P2,Seismic Full-Waveform Inversion Using Deep Learning Tools and Techniques,2018,,,Alan Richardson,False,arXiv,10.48550/arxiv.1801.07232,preprint,preprint,geophysical_method,自动微分; 优化,将波动方程时步写成循环网络，说明反向自动微分与伴随梯度关系。,TensorFlow、reverse-mode autodiff、Adam和mini-batch。,2D地震数据；不是直接学习式逆映射。,本轮仅作本地首页/摘要与既有笔记归并，未外部复核或完整方法审读；不能把摘要主张当独立复现。,补齐原始文献清单；是否优先阅读按直接FWI相关性与证据评定。,legacy_note,,https://doi.org/10.48550/arxiv.1801.07232,作者通常仅列首页可靠首作者，不代表完整作者表；摘要性创新总结不包含全球首创判断。；本地PDF前1–2页的首页题名/DOI已核对，未据此上调外部证据等级。
UFWI-133,,P2,3D imaging of the breast using full-waveform inversion,2017,,,Oscar Calderon Agudo; Lluis Guasch; Peter Huthwaite; Michael Warner,True,International Workshop on Medical Ultrasound Tomography,,conference,published,medical_fwi,奠基; 三维; 乳腺; 在体,早期系统展示低频与三维采集对乳腺FWI的重要性。,优化有限差分声学FWI；源子采样；频率递增；2D/3D模型失配讨论。,三维为数值乳腺；二维为in vivo环阵数据。,会议论文；二维实测不能写成三维活体FWI；DOI未在已读一手页核定。,Imperial乳腺到脑FWI路线的奠基节点。,primary_abstract,,https://indico.kit.edu/event/307/contributions/1820/,检索核验日期2026-09-26。会议2017-11-01；书目有2018出版记录可能，保留会议年份2017。
UFWI-049,,P2,Ultrasonic computed tomography based on full-waveform inversion for bone quantitative imaging,2017,,,Simon Bernard,False,Physics in Medicine & Biology,10.1088/1361-6560/aa7e5a,journal,published,medical_fwi,骨成像; 奠基,把全波形反演用于长骨定量层析。,波动方程全波形反演；声速/骨参数成像。,本地正式PDF首页已确认题名作者；采集数目消融等详情须原文核查。,本轮仅作本地首页/摘要与既有笔记归并，未外部复核或完整方法审读；不能把摘要主张当独立复现。,补齐原始文献清单；是否优先阅读按直接FWI相关性与证据评定。,legacy_note,,https://doi.org/10.1088/1361-6560/aa7e5a,作者通常仅列首页可靠首作者，不代表完整作者表；摘要性创新总结不包含全球首创判断。；本地PDF前1–2页的首页题名/DOI已核对，未据此上调外部证据等级。
UFWI-051,,P2,全走时反演及其应用,2017,,,吴彦,False,石油物探,10.3969/j.issn.1000-1441.2017.01.006,journal,published,geophysical_method,走时反演; 抗跳周期,使背景速度更新尽量依赖走时而避免振幅干扰。,数据域与成像域full-traveltime inversion；假设速度扰动主要改变走时。,理论模型和实际资料测试，中文正式期刊。,本轮仅作本地首页/摘要与既有笔记归并，未外部复核或完整方法审读；不能把摘要主张当独立复现。,补齐原始文献清单；是否优先阅读按直接FWI相关性与证据评定。,legacy_note,,https://doi.org/10.3969/j.issn.1000-1441.2017.01.006,作者通常仅列首页可靠首作者，不代表完整作者表；摘要性创新总结不包含全球首创判断。；本地PDF前1–2页的首页题名/DOI已核对，未据此上调外部证据等级。
UFWI-057,,P2,Frequencies of the Ricker wavelet,2015,,,Yanghua Wang,False,Geophysics,10.1190/geo2014-0441.1,journal,published,geophysical_method,数值基础; 频谱,严格区分Ricker子波的峰值、中心、平均频率与带宽。,Lambert W函数；时间宽度/频谱统计解析关系。,解析理论；只作为建模工具，不是FWI新算法。,本轮仅作本地首页/摘要与既有笔记归并，未外部复核或完整方法审读；不能把摘要主张当独立复现。,补齐原始文献清单；是否优先阅读按直接FWI相关性与证据评定。,legacy_note,,https://doi.org/10.1190/geo2014-0441.1,作者通常仅列首页可靠首作者，不代表完整作者表；摘要性创新总结不包含全球首创判断。；本地PDF前1–2页的首页题名/DOI已核对，未据此上调外部证据等级。
UFWI-048,,P2,Novel automatic first-arrival picking method for ultrasound sound-speed tomography,2015,,,Xiaolei Qu,False,Japanese Journal of Applied Physics,10.7567/jjap.54.07hf10,journal,published,adjacent_ultrasound,初至拾取; 初始化,将AIC粗拾取与邻道互相关修正结合，提高自动首波走时精度。,Akaike信息准则、邻道互相关、走时层析。,仿真、仿体及离体实验。,本轮仅作本地首页/摘要与既有笔记归并，未外部复核或完整方法审读；不能把摘要主张当独立复现。,补齐原始文献清单；是否优先阅读按直接FWI相关性与证据评定。,legacy_note,,https://doi.org/10.7567/jjap.54.07hf10,作者通常仅列首页可靠首作者，不代表完整作者表；摘要性创新总结不包含全球首创判断。；本地PDF前1–2页的首页题名/DOI已核对，未据此上调外部证据等级。
UFWI-047,,P2,In vivo breast sound-speed imaging with ultrasound tomography,2009,,,Cuiping Li,False,Ultrasound in Medicine & Biology,10.1016/j.ultrasmedbio.2009.05.011,journal,published,adjacent_ultrasound,射线层析; 临床,以弯曲射线和TV正则改善在体乳腺声速边缘。,bent-ray tomography、total variation正则、61例乳腺数据。,首页摘要报告61例与32个病灶；非FWI。,本轮仅作本地首页/摘要与既有笔记归并，未外部复核或完整方法审读；不能把摘要主张当独立复现。,补齐原始文献清单；是否优先阅读按直接FWI相关性与证据评定。,legacy_note,,https://doi.org/10.1016/j.ultrasmedbio.2009.05.011,作者通常仅列首页可靠首作者，不代表完整作者表；摘要性创新总结不包含全球首创判断。；本地PDF前1–2页的首页题名/DOI已核对，未据此上调外部证据等级。
UFWI-117,,P3,Neural Born Series Operator for Biomedical Ultrasound Computed Tomography,2023,,,Zhijun Zeng; Yihang Zheng; Youjia Zheng; Yubing Li; Zuoqiang Shi; He Sun,True,arXiv,10.48550/arxiv.2312.15575,preprint,withdrawn,adjacent_ultrasound,撤回旧版本; 神经算子; 版本追踪,历史初稿以Neural Born Series Operator加速正演及FWI。,神经Born级数正演替代；NBSO-FWI。,现行arXiv页明确作者于2026-08-03撤回初稿并指向2508.12226。,已撤回的未完成初稿，不可作为当前有效性能结论或推荐阅读；不是学术不端认定。,仅用于历史库去重及版本追踪，推荐阅读替代新版。,primary_abstract,,https://arxiv.org/abs/2312.15575; https://doi.org/10.48550/arXiv.2312.15575,WITHDRAWN / superseded_by=10.48550/arXiv.2508.12226；从主阅读排名排除。
